Question,Category,Difficulty,Company,Topic,Role,Answer1,Answer2
"""How do you plan to approach the architectural design for systems of different scales, such as Walmart, Amazon, or a coupon site?""",Machine Learning,Hard,Coupang,"System Architecture, Scalability, Cloud Computing","Senior Software Engineer, System Architect, Site Reliability Engineer","I'd design scalable, cloud-based solutions.","To design systems for Walmart or Amazon scale, I would break the architecture into smaller, manageable components. Each component would be designed to handle increasing loads as needed. To achieve this, I would leverage cloud computing services that offer auto-scaling capabilities."
"""How have you managed the transition of a team from Waterfall to Scrum and what challenges did you overcome during the process?""",Technical,Medium,Accenture,"Agile Methodologies, Scrum Framework, Project Management, Team Transition","Scrum Master, Project Manager, Team Lead, Software Developer","Managed team transition from Waterfall to Scrum, overcame challenges during the process.","I led my team through a transition from traditional Waterfall project management to Agile Scrum methodology. During this process, we faced challenges such as changing roles and responsibilities, adapting to sprints, and learning new tools like Jira. However, by consistently communicating, collaborating, and focusing on delivering value incrementally, we were able to successfully complete the transition."
"""How would you design a simple to-do list application permitting users to add, complete, and delete tasks?""",Behavioral,Medium,Google,"Software Design, User Interface Design, Task Management","Software Developer, UI/UX Designer, Product Manager","Design a task app with add, complete, and delete functions.","To design a simple to-do list application, you would need to create features that allow users to input tasks, mark them as completed, and remove tasks when necessary. This could involve using programming languages for the backend, designing an intuitive user interface, and understanding task management principles."
"Can you explain the differences and interrelations between process risk and control, and their significance in your role? Can you describe the audit process methodology you used, detailing the different phases and your responsibilities in each?",Technical,Medium,GreenSky,"Risk Management, Control Mechanisms, Audit Process","IT Auditor, Compliance Officer, Risk Analyst","Explaining process risks, controls, and their roles in audits.","Process risk refers to the likelihood of an undesirable event happening during a business process. Controls are measures put in place to mitigate these risks. In my role, I identify these risks, implement controls, and conduct audits to ensure they're working effectively. The audit process involves different phases such as planning, fieldwork, and reporting, where I define objectives, gather evidence, and report findings."
How much laundry detergent is used every year around the world,Estimation,Hard,Exponent,"Data Analysis, Statistics","Data Analyst, Business Intelligence Analyst","It's hard to say, as data isn't easily available.",This question requires gathering and analyzing global data on laundry habits and detergent usage. It involves statistical analysis and possibly big data techniques.
why PlayStation? what inspired you to join PlayStation? 3.questions related to background and knowledge of project,Behavioral,Easy,PlayStation,"Gaming Industry, PlayStation Brand, Company Culture","Game Developer, Quality Assurance Tester, Product Manager",I love PlayStation games and want to contribute.,"I have a deep passion for the gaming industry, particularly the PlayStation brand. I believe that joining the company would provide me with an opportunity to work on exciting projects and contribute to the development of innovative games."
10% of Netflix users are inactive. How would you investigate?,Execution,Hard,Netflix,"Data Analysis, Database Management, Business Intelligence","Data Analyst, Business Intelligence Analyst, Data Scientist",Investigate by analyzing user data and database.,"To investigate, I would first analyze the user data to identify patterns of inactivity. Then, I would use SQL queries or BI tools to extract relevant information from the Netflix database. This could involve looking at login times, last activity dates, and other usage metrics. The goal is to understand why these users are inactive and if there's a way to re-engage them."
"A company is moving into a new office space, and as a PM you have to name all the conference rooms so that any one new who walks in would not have to ask for directions",Product Design,Hard,Media.net,"Project Management, Office Space Planning, Naming Conventions","Product Manager, Facilities Manager, Office Administrator",Name conference rooms for clarity.,"As a Product Manager, you should name the conference rooms in a way that anyone who enters would understand their purpose without asking directions. This could include naming them based on function (e.g., 'Meeting Room', 'Brainstorming Room'), location (e.g., 'First Floor Conference Room'), or project (e.g., 'Project X Conference Room')."
A delivery driver needs to deliver over 200 packages in an 8-hour day. How would you ensure this happens?,Program Sense,Hard,Amazon,"Logistics Management, Route Optimization, Time Management","Delivery Manager, Transportation Planner, Operations Analyst",Implement efficient routes and manage time effectively.,"To ensure the delivery driver can deliver over 200 packages in an 8-hour day, you would first need to optimize the delivery routes to minimize travel distance. Then, plan breaks strategically throughout the day to maintain productivity without sacrificing speed. Additionally, monitor progress using real-time tracking systems to address any potential delays promptly."
A knapsack has max capacity C and there are n items each with weight w[i] and value v[i] each. Maximize the value in the knapsack without exceeding its max capacity.,Algorithms,Hard,Uber,"Dynamic Programming, Knapsack Problem","Software Engineer, Data Scientist, Algorithm Designer",Maximize the value of items in a knapsack without exceeding its capacity.,"This problem involves finding the most valuable combination of items to put into a knapsack, given their weights and values. It's a classic example of dynamic programming that helps solve optimization problems."
A potential client is asking for a guarantee that a certain feature will be delivered by a certain date. Your team has not considered this feature before. What would you do?,Product Design,Medium,Paxos,"Project Management, Client Relations, Risk Assessment","Project Manager, Sales Representative, Software Developer","I'd need to assess feasibility, discuss with the team, and provide an updated timeline.","First, I would analyze if our team has the necessary resources and skills to deliver the feature. Then, I would communicate with the client about the new timeline, keeping them informed throughout the process."
"A super-app like Grab decides to launch a new vertical (perhaps peer-to-peer car rental). In the first six months, what metrics would you look at to see if this new vertical looks promising?",Execution,Hard,Uber,"Data Analysis, Business Metrics, Product Launch Strategy","Product Manager, Data Analyst, Business Intelligence Specialist",Key performance indicators (KPIs) for the first six months.,"To determine if a new peer-to-peer car rental vertical is promising, I would look at key performance indicators such as revenue growth, user adoption rate, customer satisfaction, and operational efficiency. These metrics can help understand the market fit, profitability, and overall success of the new venture."
"A vowel substring is a substring that only consists of vowels ('a', 'e', 'i', 'o', and 'u') and has all five vowels present in it. Given a string word, return the number of vowel substrings in word.",Data Structures,Medium,Oracle,"String Manipulation, Algorithms, Programming","Software Developer, Algorithm Engineer, Data Scientist",Count the number of vowel substrings in a given string.,"This question tests your ability to iterate through a string, identify substrings that only contain vowels ('a', 'e', 'i', 'o', and 'u'), and count their occurrences. This is a common problem in programming, especially when dealing with strings."
Abbreviate an array of strings.,Algorithms,Hard,Apple,"Data Structures, Algorithms","Software Engineer, Data Analyst, DevOps Engineer",Combine strings in an array into shorter forms.,"This question tests your understanding of handling arrays and string manipulation. The goal is to convert a given array of strings into abbreviated versions, which can be useful for saving space or making data easier to read."
Ad publishing rate dropped for Facebook Ad Manager. What would you do?,Execution,Hard,Meta (Facebook),"Ad Management, Facebook Ad Manager, Troubleshooting","Digital Marketing Specialist, Social Media Advertising Manager, Ad Operations Specialist",Investigate and fix the issue.,"First, I would check the Facebook Ad Manager settings to ensure they are correct. If necessary, I would reach out to Facebook's support team for assistance. Additionally, I would analyze the ad performance data to identify any patterns or issues that could be causing the drop in publishing rate."
Airbnb wants to get into furniture space. Should they do it?,Product Strategy,Hard,LinkedIn,"Strategic Planning, Product Expansion, Competitive Analysis","Product Manager, Business Analyst, Strategy Consultant","Yes, if they can offer unique furniture solutions.","Expanding into the furniture space could provide Airbnb with opportunities to diversify its product offerings and potentially increase revenue. However, it's important for them to conduct a thorough competitive analysis to ensure their offerings are unique and meet customer needs."
"Amazon has noticed that there are many merchants who are listing the products but not delivering them. In essence, they are listing the products taking in the orders, taking the money, and closing shop. How do you solve this problem?",Product Design,Hard,Paytm,"Fraud Detection, E-commerce Operations","Data Scientist, E-commerce Manager, IT Compliance Officer",Implement a verification system for merchants.,"To solve this problem, we could implement a verification system to ensure that merchants are fulfilling their orders. This system would monitor merchant activity and automatically flag any suspicious behavior such as not delivering products after receiving payment. Additionally, it could require merchants to provide proof of shipment or delivery before releasing funds."
"Amazon is launching free storage for photos. If you're a Google PM for Photos, what would you do?",Product Strategy,Hard,Amazon,"Product Management, Competitive Analysis, Cloud Storage","Product Manager, Competitor Analyst, Cloud Storage Engineer","Analyze competition, then innovate Google Photos.","As a Product Manager for Google Photos, I would first analyze Amazon's free storage offer to understand its impact on our market share. Then, I would work with my team to develop innovative features that differentiate Google Photos from the competition, ensuring we continue to provide value to our users."
Amazon shares increased dramatically in the order of millions of subscribers between 2008 – 2009 when Prime was available. What do you think accounted for this?,Product Strategy,Medium,Amazon,"E-commerce, Digital Marketing, Business Strategy","E-commerce Manager, Digital Marketing Specialist, Business Analyst",Prime membership likely drove the growth.,"The significant increase in Amazon shares between 2008 and 2009, when Prime was available, can be attributed to the success of the Prime membership program. This subscription service offered benefits like free two-day shipping, streaming video, and more, which likely drove millions of new subscribers."
"Amusement park has a ride which has huge line, this is a growing concern how will you go about it",Analytical,Hard,Microsoft,"Queue Management, System Optimization, Customer Experience","Software Engineer, System Analyst, Project Manager",I'd suggest using a queue management system.,"To address the growing concern of long lines at an amusement park ride, I would propose implementing a queue management system. This would help optimize the flow of customers, reducing wait times and improving overall customer experience."
An engineer wants to make a major change to the ranking algorithm. How would you evaluate it?,Technical,Hard,Google,"Algorithm Design, Machine Learning, Ranking Systems","Software Engineer, Data Scientist, Machine Learning Engineer",Assess its impact on performance and fairness.,"To evaluate a major change to the ranking algorithm, you would first analyze its potential impact on system performance. This includes considering factors like speed, memory usage, and accuracy. Additionally, you'd want to ensure that the change doesn't negatively affect the fairness of the rankings."
Apply the quadratic formula to a sorted array such that the resulting array is still sorted.,Algorithms,Hard,LinkedIn,"Algorithms, Sorting, Quadratic Formula","Software Engineer, Data Scientist, Mathematical Modeler",Solve quadratic equations on a sorted array without disrupting the order.,"This question tests your ability to apply the quadratic formula to solve problems in a programming context. Specifically, it asks you to write an algorithm that applies the quadratic formula to a sorted array and ensures the resulting array remains sorted. This demonstrates understanding of algorithms, sorting techniques, and mathematical formulas."
"As Google, how would you disrupt the movie industry?",Product Strategy,Hard,Google Cloud (GCP),"Innovation, Disruption Strategy, Streaming Services, Artificial Intelligence","Product Manager, Strategist, Innovation Specialist, Data Analyst","By creating an AI-powered, personalized movie experience.","Google could leverage its AI capabilities to analyze user preferences and create a unique, personalized movie streaming service. This would disrupt the industry by offering a more engaging and tailored experience compared to traditional methods."
"As a Google PM, how will you design a solution to help people with financial savviness?",Program Sense,Hard,Google,"Product Management, Financial Technology, User Experience Design","Google Product Manager, Fintech Product Manager, UX Designer",I'd create a personal finance app with AI-powered budgeting and investment advice.,"As a Google Product Manager, I would design a solution by understanding user needs, researching financial technology trends, and collaborating with UX designers to create an intuitive, AI-powered personal finance application. This app would provide users with budgeting tools, investment advice, and other features to help them make informed financial decisions."
"As a PM at Slack, your CEO has asked you to redesign the product to enter the education sector",Product Strategy,Hard,Pinterest,"Product Management, Education Technology, Slack API","Product Manager, Education Product Specialist, Slack Developer",Redesign Slack for education.,"As a Product Manager at Slack, you've been asked to redesign the product to cater to the education sector. This would involve understanding the unique needs of educators and students, and leveraging the Slack API to create a platform that enhances learning experiences."
"As a PM for Gmail, how much storage do you plan to buy for the next year?",Estimation,Hard,Google,"Product Management, Gmail, Cloud Storage","Product Manager, Gmail Product Manager, Storage Planner",I'd need to analyze usage trends and budget before giving an answer.,"As a Product Manager for Gmail, I would consider the current storage usage patterns, future growth expectations, and available budget when deciding how much cloud storage to purchase for the next year. This helps ensure we meet our users' needs while being fiscally responsible."
"As a PM, what did you do after releasing the product?",Product Strategy,Medium,Visa,"Product Management, Post-Launch Activities","Product Manager, Project Manager",I monitored user feedback and planned improvements.,"After releasing the product, as a Product Manager, I would monitor its performance in the market, gather user feedback, analyze the data to identify areas for improvement, and plan and execute updates or new features accordingly."
"As a first day as Google PM, how would you increase Google Home Sales by 10X?",Product Strategy,Hard,Google,"Product Management, Data Analysis, Marketing Strategy","Product Manager, Digital Marketing Specialist, Sales Strategist",Boost sales through targeted marketing and product innovation.,"As a Product Manager, I would analyze market trends and consumer behavior to identify opportunities for Google Home. Then, I'd work with the team to innovate the product features, making it more appealing to potential buyers. Additionally, I'd develop a comprehensive marketing strategy to reach our target audience effectively, aiming to increase sales by 10X."
"As a manager, how do you handle tradeoffs?",Behavioral,Medium,Amazon,"Decision Making, Resource Allocation, Project Management","IT Manager, Project Manager, Product Manager",I prioritize based on project goals and team capabilities.,"When faced with tradeoffs, I consider the potential impact of each decision on the project's success. I then allocate resources wisely to ensure that we meet our objectives while considering the limitations of the team."
"As an Uber PM, how would you increase revenue for Uber?",Product Design,Medium,Agoda,"Product Management, Revenue Optimization, Transportation Services","Product Manager, Business Intelligence Analyst, Uber Program Manager",Implement dynamic pricing and improve driver efficiency.,"As an Uber Product Manager, I would analyze user behavior and market trends to implement dynamic pricing strategies. This could involve adjusting prices based on time of day, location, or demand. Additionally, I would work with the operations team to optimize driver routes and reduce idle times, thereby increasing overall efficiency and revenue."
"As the PM for apple maps, come up with a roadmap to drive engagement from small business owners?",Product Design,Hard,Stripe,"Product Management, Small Business Outreach, User Engagement Strategy","Product Manager, Business Development Manager, Digital Marketing Manager",Develop a targeted marketing campaign for small businesses.,"As the Product Manager for Apple Maps, I would create a multi-step roadmap to drive engagement from small business owners. First, we'd conduct market research to understand their needs and preferences. Then, we'd design a user-friendly dashboard within Apple Maps that allows small businesses to easily manage their online presence, including updating hours, adding promotions, and responding to customer reviews. Next, we'd implement targeted marketing campaigns through various channels such as email, social media, and local advertising. Lastly, we'd provide ongoing support and training to ensure the success of these small businesses on Apple Maps."
"As the owner of a burger shop, how would you determine the cause of a sales decline?",Execution,Medium,Google,"Data Analysis, Business Strategy","Store Manager, Restaurant Owner, Retail Analyst",Analyze sales data and customer feedback.,"To determine the cause of a sales decline, I would analyze sales data to identify trends and patterns. Additionally, I would collect feedback from customers to understand their preferences and perceptions about the burger shop. This information can help me pinpoint the issue and make necessary improvements."
Assume AR enabled glasses will exist in 203How many AR glasses do you think will ship in 2031? What factors will you consider in this estimation?,Estimation,Hard,Google,"Augmented Reality, Predictive Analysis, Market Forecasting","AR Developer, Product Manager, Data Analyst","I can't predict exact numbers, but factors like market demand, technological advancements, and competition would be considered.","To estimate the number of AR glasses that will ship in 2031, I would consider factors such as market trends, consumer adoption rates, technological advancements, and competitive landscape. This information can help me make an educated guess about the potential demand for these devices."
"Assume you are a PM for new device, which is a time machine. How would you build the interface?",Product Strategy,Medium,Google,"User Interface Design, Time Travel Theory, Product Management","Product Manager, UI/UX Designer, Software Engineer","I'd design an intuitive, safe, and time-responsive interface.","As a Product Manager for a time machine device, I would prioritize creating an easy-to-use interface that ensures user safety while navigating through different times. This would involve designing clear visual indicators for the selected time period, implementing responsive controls to adjust the time, and incorporating security measures to prevent accidental or unauthorized changes."
"Assume you are building an for millions of users, will you deploy the ML model on server side or client side?",Technical,Hard,Google,"Machine Learning, Cloud Computing, Server-side vs Client-side","Software Engineer, Data Scientist, DevOps Engineer, ML Engineer",Deploy on server side.,"In a system with millions of users, it's more efficient to process and analyze data on the server-side due to computational power and scalability requirements. Client-side processing could lead to slower performance and limited capabilities."
Assume you're the PM at Airbnb. How would you increase bookings?,Product Strategy,Hard,Airbnb,"Product Management, Data Analysis, Growth Hacking","Product Manager, Growth Hacker, Business Analyst",Increase marketing efforts and offer incentives for new users.,"As a Product Manager at Airbnb, I would analyze user behavior data to identify trends and pain points. Then, I'd develop targeted marketing campaigns to reach potential customers. Additionally, I'd consider offering incentives such as discounts or referral bonuses for new users to encourage bookings."
Assume you're the lead PM of Uber freight (before it launched). How would you go about testing the idea and determining if it's feasible in 6 months?,Analytical,Hard,Uber,"Product Management, Startup Strategy, Market Research, Business Analysis","Lead Product Manager, Startup Founder, Business Analyst","I'd validate the idea through market research, build a minimum viable product (MVP), and test it with potential users.","First, I would conduct extensive market research to understand the demand for Uber Freight. Then, I would create a basic version of the service (the MVP) and gather feedback from potential customers to see if they find it useful. Lastly, I would analyze the results to determine if the idea is feasible within six months."
"At Netflix, you notice that about 1M users drop off roughly 6 months after signing up. What is happening here and how would you deal with this?",Execution,Hard,Google,"User Behavior Analysis, Data Retention, Churn Management","Data Analyst, Product Manager, Customer Success Manager",We're losing users after 6 months; let's analyze their behavior and find ways to retain them.,"It appears that the users are not finding value in Netflix's service after six months. To address this, we could conduct user research, analyze data on usage patterns, and implement strategies to engage these users more effectively."
Azure provides HPC and they want to maximize its usage in Energy sector. What would be your strategy to ensure all energy sector clients move to HPC instead of AWS services,Product Strategy,Hard,Microsoft,"Azure HPC, Energy Sector Solutions, Competitive Strategy, Cloud Migration","Senior Cloud Architect, Azure Solutions Engineer, Cloud Sales Specialist","Promote Azure HPC's energy efficiency, offer competitive pricing, and provide excellent customer support.","To encourage energy sector clients to move from AWS services to Azure HPC, we would focus on promoting the energy efficiency of our HPC solutions. We would also offer competitive pricing and exceptional customer service to ensure a seamless transition. Additionally, we could highlight any unique features or benefits that set our HPC offering apart from AWS."
Based on trees,Algorithms,Medium,Microsoft,"Data Structures, Algorithms, Tree Traversal","Software Developer, System Engineer, Database Administrator",Describe tree data structure operations.,"This question is about understanding the basic operations performed on a tree data structure, such as traversing a tree (in-order, pre-order, post-order), inserting and deleting nodes, finding minimum or maximum values, and searching for specific elements."
"Based on your insights, what would be your top priorities if appointed as the CTO of this company tomorrow?",Behavioral,Hard,ERS,"Leadership, Technology Strategy, Infrastructure Management, Product Development","Chief Technology Officer (CTO), Vice President of Engineering, Head of IT","Improve tech infrastructure, develop innovative products, and lead technical teams.","As the CTO, my top priorities would be to ensure our technology infrastructure is robust, scalable, and secure. I'd also focus on developing cutting-edge products that align with our company's vision and goals. Lastly, I would lead and mentor technical teams to foster innovation and growth."
"Behavioral Leadership Principles (3), Functional Competencies (2), Technical - System Design (1)",Behavioral,Medium,Amazon,"Behavioral Leadership Principles, System Design","Software Engineer Manager, IT Project Manager, Product Manager","Describe 3 leadership principles and 2 functional competencies, applying them to a system design scenario.",This question is asking you to discuss your leadership style by sharing three key principles and two specific skills that demonstrate how you function effectively in a team. You'll also need to apply these qualities to a hypothetical system design situation.
Best way to connect SQL Databases and why,Technical,Medium,Google,"SQL Databases, Database Connectivity, Database Management Systems","Database Administrator, Software Developer, Data Engineer",Use a connector like ODBC or JDBC for SQL databases.,"To connect SQL databases, you typically use a connector such as ODBC (for Windows) or JDBC (for Java). These connectors allow your application to communicate with the database server and retrieve data. The choice between them depends on the operating system of your application and the database management system you're using."
Brainstorm and prioritize ideas to address long wait time at an amusement park.,Product Design,Medium,Lyft,"Queue Management, Process Improvement, Customer Experience Optimization","IT Project Manager, Business Analyst, Systems Analyst",Reduce wait times with efficient queue systems.,"To address long wait times at an amusement park, we could implement a dynamic queue management system that prioritizes guests based on factors such as group size or ride popularity. Additionally, process improvements like optimizing the number of riders per cycle and using real-time data to predict demand can help reduce wait times, ultimately enhancing the overall customer experience."
Build a GTM strategy for taking a brick-and-mortar rug store online,Product Strategy,Hard,Wayfair,"Digital Strategy, E-commerce, Web Development, Marketplace Platforms","Digital Marketing Manager, E-commerce Manager, Web Developer, IT Project Manager",Create an online store with a user-friendly interface.,"To take a brick-and-mortar rug store online, we'll need to develop an e-commerce website that replicates the in-store shopping experience. This includes creating product listings, managing orders, and handling payments. Additionally, we should consider integrating with popular marketplace platforms for increased visibility."
Build a crowd-sourced knowledge management portal.,Product Design,Hard,Microsoft,"Crowdsourcing, Knowledge Management, Portal Development, Web Applications","Software Developer, Project Manager, UX/UI Designer, Data Architect",Create a web platform for users to share and access knowledge.,"As a Software Developer, you'd design and build a web application that allows users to contribute and retrieve information. This project requires skills in portal development, crowdsourcing strategies, and user experience/interface design."
Build a micro version of the Twitter Timeline.,System Design,Hard,Better.com,"Web Development, APIs, JavaScript, Frontend Frameworks","Software Engineer, Full Stack Developer, Frontend Developer",Design a mini Twitter feed.,"Create a simplified version of the Twitter timeline using web technologies, APIs, and possibly a frontend framework. This exercise tests your ability to build user-facing applications, work with APIs, and understand the requirements of a dynamic web application."
Build a new feature for YouTube.,Product Design,Easy,Google,"Video Streaming, YouTube API, Feature Development","Software Engineer, Product Manager, UX/UI Designer",Design a new feature for YouTube video streaming.,"As a Software Engineer, Product Manager, or UX/UI Designer, you would be tasked with creating an innovative feature that enhances the user experience on YouTube. This could involve using the YouTube API to integrate new functionalities, such as real-time collaborative editing, AI-powered video analysis, or personalized playlists."
Build a new feature for natural disasters,Product Design,Medium,Meta (Facebook),"Natural Disaster Management, Software Development, Data Analysis, Geographic Information Systems","Software Engineer, Product Manager, Data Scientist, GIS Specialist",Design a tool to predict and respond to natural disasters.,"As a Software Engineer, Product Manager, Data Scientist or GIS Specialist, you would work together to create a feature that uses data analysis, software development, and geographic information systems to help predict natural disasters and provide timely responses. This could involve developing algorithms for data analysis, creating user-friendly interfaces, and integrating real-time data from various sources."
Build a product for art lovers.,Product Design,Easy,Meta (Facebook),"Product Design, User Experience (UX) Design, Artificial Intelligence (AI), Web Development","Product Manager, UX Designer, Full Stack Developer, AI Engineer",Create an online art gallery app.,"As a Product Manager, you'd lead the development of an interactive digital platform for art lovers. This would involve designing user-friendly interfaces, integrating AI to suggest pieces based on users' preferences, and ensuring seamless web development."
Build a product for digital well-being.,Product Design,Medium,Meta (Facebook),"User Experience Design, Product Development, Digital Wellness, Mobile App Development","Product Manager, UX/UI Designer, Software Developer, Healthcare IT Specialist",Create a digital tool that helps users manage screen time.,"As a Product Manager, you would lead the development of an application that aims to improve user's digital well-being by providing features such as screen time limits, notifications for app usage, and tools to help manage stress related to technology."
Build a product for museums.,Product Design,Medium,Meta (Facebook),"Product Development, Museum Management, User Experience Design, Digital Exhibits","Product Manager, Software Developer, UX Designer, Project Manager",Create a digital museum experience.,"You'd design and develop a product that enhances the museum-going experience by incorporating technology. This could include interactive exhibits, virtual tours, or mobile apps for self-guided visits."
Build a product for parking (any parking not only cars),Product Design,Medium,Meta (Facebook),"Product Design, Parking Management Systems, Mobile Applications, IoT (Internet of Things)","Software Engineer, Product Manager, UX/UI Designer, System Architect",Design a parking solution for all types of vehicles.,"As a Software Engineer, Product Manager, UX/UI Designer or System Architect, you would be tasked with creating an innovative parking solution that caters to various types of vehicles. This could involve designing a mobile application, implementing IoT technology for smart parking management systems, and ensuring the product is user-friendly."
Build a product to help me get a pet.,Product Design,Easy,Meta (Facebook),"Product Design, Pet Care Technology, Mobile Application Development","Product Manager, Software Developer, UX/UI Designer",Design a pet-finding app.,"As a Product Manager, you'd lead the development of an application that helps users find and care for pets. This would involve working with software developers to create the app, UX/UI designers to make it user-friendly, and understanding pet care technology to ensure accurate information is provided."
Build a scheduler product for Yelp Home Services.,Product Design,Hard,Yelp,"Scheduler Systems, Product Development, Yelp API Integration","Software Engineer, Product Manager, Full Stack Developer",Design a scheduling tool for Yelp Home Services.,"You'd be creating a product that manages appointments for service providers on Yelp. This would involve building a system to integrate with the Yelp API, developing a user-friendly interface for scheduling, and ensuring the system can handle multiple providers and customers efficiently."
Build a solution for Facebook employee travel.,Program Sense,Hard,Meta (Facebook),"Facebook Employee Travel Management, Travel Solutions Development, Logistics Software","Software Developer, Systems Engineer, Product Manager",Design a system for managing Facebook employee travel.,"You would be creating a software solution that handles booking, tracking, and organizing travel for Facebook employees. This could involve integrating with various travel providers, ensuring compliance with company policies, and providing real-time updates to employees and management."
Build a spice rack for the blind.,Product Design,Medium,Google,"Product Design, Accessibility, Problem Solving","Product Designer, Accessibility Specialist, Innovation Engineer",Design a spice rack for the visually impaired.,"You'd need to design a spice rack that can be easily identified by touch, with labeled compartments and possibly tactile markers. You might also consider non-slip surfaces and an intuitive layout."
Build an iterator.,Algorithms,Hard,Apple,"Data Structures, Iterators, Coding","Software Developer, Programmer, Engineer",Create a function that iterates over an array or collection.,"In simple terms, this question is asking you to design a function (often called an iterator) that allows you to loop through items in a collection such as an array. This is essential for processing data structures like lists and arrays in programming."
Calculate the result of a mathematical expression written as a string.,Algorithms,Hard,Meta (Facebook),"Mathematical Expressions, Programming","Software Developer, Data Analyst, System Engineer",Solve a given math problem as a string.,"This question tests your ability to evaluate mathematical expressions written in a text format, often found in programming contexts. You might be asked to use basic arithmetic operations like addition, subtraction, multiplication, and division."
Can You Describe a Project Where You Made Effective Use of Problem-Solving Skills to Overcome Technical Implementation Issues?,Coding,Hard,Walmart Inc,"Problem Solving, Project Management, Technical Implementation Issues","Software Developer, Systems Engineer, IT Project Manager",Shared a project where I solved technical hurdles creatively.,"I worked on a project where we faced unexpected technical challenges during implementation. By applying problem-solving skills, I identified the root cause, researched solutions, and proposed an innovative workaround that successfully resolved the issue, ensuring the project's timely completion."
Can You Describe a Situation Where You Used Your Problem-Solving Skills to Overcome a Technical Challenge?,Coding,Hard,RoadRunner Recycling,"Problem-Solving, Technical Challenges","Software Developer, Systems Analyst, IT Project Manager",Shared a tricky coding issue and how I fixed it.,"I once encountered a complex programming problem that required me to debug an error in the code. By carefully analyzing the issue, breaking it down into smaller parts, and testing each part, I was able to identify and resolve the problem. This experience demonstrated my ability to apply problem-solving skills effectively in technical situations."
Can You Describe a Time When You Had to Use Critical Thinking Skills to Solve a Complex Problem?,Coding,Hard,Amazon,"Critical Thinking, Problem Solving","Software Engineer, Systems Analyst, Project Manager, Data Scientist",Shared an instance of using critical thinking to tackle a complex issue.,"Told a story about a situation where I encountered a difficult problem, analyzed it, and came up with a solution by applying my analytical skills and logical reasoning."
Can You Describe a Time When You Successfully Led a Team Through a Challenging Project?,Technical,Hard,Play,"Team Leadership, Project Management, Problem Solving","Project Manager, Team Leader, Senior Developer, Scrum Master",Successfully led a team to complete a challenging project on time.,"I was responsible for guiding a team through a difficult project. We faced numerous obstacles, but by communicating effectively, staying organized, and finding creative solutions, we were able to overcome these challenges and ultimately deliver the project on schedule."
Can someone take a stab at a framework for go-no go question?! Example: you are a pm who just onboard and you have to decide whether you should ship a feature that the previous pm worked on?!,Analytical,Hard,Meta (Facebook),"Product Management, Decision Making, Project Prioritization","Product Manager, Project Manager, Scrum Master","Ship it if it adds value, hold off if not.","As a Product/Project Manager, you evaluate whether the feature aligns with business goals and provides value to users. If it does, ship it; if not, reconsider or refine."
Can you define the KNN invitation method and explain how it is implemented?,Analytical,Medium,mechilin,"Machine Learning, Data Mining, Algorithm Implementation","Data Scientist, Machine Learning Engineer, AI Developer",KNN is a method that classifies data points based on their neighbors.,"The K Nearest Neighbors (KNN) algorithm is a simple, yet powerful machine learning technique used for both classification and regression tasks. In the classification context, it assigns a class to a new data point by finding the 'k' closest training samples in the feature space and then predicting the most common class among them."
"Can you delineate the key differences between content marketing and SEO, and provide a scenario where each strategy would be more advantageous?",Technical,Hard,Cisco,"Content Marketing, Search Engine Optimization (SEO)","Digital Marketer, SEO Specialist, Content Strategist","Content marketing focuses on creating valuable content, while SEO optimizes content for search engines.","Content marketing is a strategy that involves creating and distributing valuable, relevant, and consistent content to attract and engage an audience. On the other hand, Search Engine Optimization (SEO) is the practice of improving a website's visibility on search engine results pages (SERPs). While content marketing aims at providing value to the audience, SEO ensures that this content can be easily found by search engines. A scenario where each strategy would be more advantageous: Content marketing would be beneficial when aiming to build brand awareness and engage with an audience, while SEO would be crucial for improving a website's visibility on search engines."
"Can you demonstrate how to automate data preprocessing, model training, evaluation, and logging metrics using scikit-learn in Python?",Coding,Hard,Redhat,"Data Preprocessing, Automation, Model Training, Evaluation, Logging Metrics, scikit-learn","Machine Learning Engineer, Data Scientist, Software Developer, AI Engineer","Yes, I can automate data processing with scikit-learn.","I can use scikit-learn library in Python to automate the entire process of preprocessing data, training models, evaluating their performance, and logging metrics. This includes functions for splitting data into training and testing sets, fitting a model, making predictions, and calculating accuracy scores."
Can you demonstrate how to insert a new risk entry into a risk register table using an SQL query?,Behavioral,Medium,Highmark health,"SQL Query, Database Management, Risk Management","Database Administrator, Data Analyst, Software Developer",Insert a new risk entry into a risk register table using SQL.,"To insert a new risk entry, you would write an SQL INSERT statement. This command tells the database to add a new row with specified data (like risk description and impact) to the 'risk register' table."
Can you demonstrate how to write a Terraform code for creating 10 security groups using a 'for each' method argument?,Technical,Hard,Nisum Technologies,"Terraform, Infrastructure as Code, AWS VPC Security Groups","DevOps Engineer, SRE, Cloud Architect, Systems Engineer",Shows ability to write Terraform code for creating multiple security groups.,Demonstrates understanding of using 'for each' method in Terraform to create multiple AWS VPC Security Groups. This is a key skill in managing cloud infrastructure as code.
Can you demonstrate how you solved a complex problem at your previous job using your critical thinking and problem-solving skills?,Coding,Medium,LANDIS,"Problem Solving, Critical Thinking, Complex Problem","Software Engineer, Systems Analyst, Data Scientist",Shares a story of solving a tough problem at work.,"Explains how I approached, analyzed, and resolved a difficult challenge at my previous job, highlighting the use of critical thinking and problem-solving skills."
Can you demonstrate how your problem-solving skills contributed to the successful outcome of a challenging project?,Analytical,Hard,Tiktok,"Problem Solving, Project Management","Software Engineer, Project Manager, Data Analyst","Used critical thinking and teamwork to overcome obstacles, resulting in project success.","By applying problem-solving skills like analysis, prioritization, and collaboration, I was able to identify issues early on, develop effective strategies to address them, and ensure the successful completion of a challenging project. This experience demonstrates my ability to handle complex situations and deliver results under pressure."
Can you demonstrate your ability to resolve a technical issue using your problem-solving skills?,Technical,Hard,kyriba,"Problem Solving, Technical Troubleshooting","Software Developer, System Administrator, Network Engineer","Yes, I can resolve technical issues using problem-solving skills.","To demonstrate my ability, I would explain the issue, brainstorm potential solutions, test each one, and implement the best solution until the problem is resolved. This process showcases my problem-solving skills in a technical context."
Can you demonstrate your ability to resolve conflict within a team setting?,Technical,Medium,McElhanney Ltd,"Team Collaboration, Conflict Resolution","Software Engineer, Project Manager, Scrum Master, Team Lead","Yes, I can resolve team conflicts effectively.","In a team setting, I listen actively to all parties involved, identify the root cause of the conflict, and propose solutions that satisfy everyone's needs. I also ensure open communication and promote a positive work environment."
Can you demonstrate your problem-solving abilities by discussing a complex project you successfully managed?,Coding,Hard,Apple,"Project Management, Problem Solving, Complex Projects","Software Engineer, Project Manager, System Analyst, Developer",Discuss a challenging project I led to success.,"I will share an example of a complex project I managed, explaining the problem I faced, the steps I took to solve it, and ultimately how we achieved success. This demonstrates my ability to manage projects effectively and solve problems creatively."
Can you demonstrate your problem-solving approach when faced with a significant technical setback during a project?,Product Strategy,Hard,Brightwheel,"Problem Solving, Project Management, Technical Troubleshooting","Software Developer, Systems Engineer, IT Project Manager",Explain how I tackle tech problems during a project.,"I describe the steps I take when faced with a technical issue in a project, including analyzing the problem, brainstorming solutions, implementing a solution, and evaluating its effectiveness."
Can you demonstrate your problem-solving skills by describing a challenging situation you faced at work and how you resolved it?,Behavioral,Hard,media company,"Problem Solving, Project Management, Collaboration","Software Developer, Systems Analyst, Project Manager, IT Consultant",Shared a tough work challenge and how it was overcome.,"This question tests your ability to analyze complex situations, develop solutions, and collaborate effectively with others. Share an instance from your professional life where you faced a difficult problem at work. Describe the steps you took to identify the issue, devise a solution, implement it, and evaluate its success."
Can you demonstrate your problem-solving skills by describing a situation where you had to troubleshoot a technical issue?,Technical,Hard,Amazon Web Services,"Troubleshooting, Technical Issues, Problem Solving","System Administrator, Software Developer, Network Engineer, Help Desk Technician",Recount a time you fixed a tech problem.,"I once experienced a server downtime issue. I followed a step-by-step process, identified the root cause (a corrupted file), and resolved it by replacing the file, restoring the service."
Can you demonstrate your problem-solving skills by explaining a time when you identified and addressed a complex business challenge?,Technical,Medium,Nivel,"Problem Solving, Complex Business Challenges","Business Analyst, Project Manager, Consultant",Explained a complex business challenge and how it was resolved,"I identified a challenging business issue, analyzed its impact, proposed a solution, implemented the plan, and monitored the results to ensure success. This demonstrates my ability to tackle complex problems effectively."
Can you demonstrate your proficiency in Python by providing an example of a complex code you've recently written?,Product Strategy,Hard,Amazon,"Python Programming, Code Complexity","Software Developer, Senior Software Engineer, Data Scientist",Show a complex Python script you've written recently.,"This question is asking for an example of a complex piece of code that you have written in Python. The purpose is to demonstrate your proficiency and understanding of the language, particularly when dealing with complex problems."
Can you demonstrate your understanding of Agile project management by explaining how you've used this methodology in previous roles?,Sql,Medium,Air Dispatch,"Agile Project Management, Scrum, Kanban","Software Developer, Project Manager, Scrum Master",I've led teams using Agile methodology to deliver software on time.,"In previous roles, I used Agile project management techniques like Scrum and Kanban to break down projects into smaller tasks, prioritize them, and work collaboratively with my team to deliver software quickly and efficiently. This approach allowed us to adapt easily to changes and ensure that our work met the needs of our customers."
Can you demonstratively explain how your previous work experience has prepared you for the requirements of this role?,Behavioral,Medium,Stitch Fix,"Professional Experience, Job Requirements","Software Engineer, Project Manager, Data Analyst",I've honed skills needed for this role through past work.,"By discussing my previous roles, I show how they equipped me with the necessary skills and knowledge to excel in this position."
Can you describe a challenge you encountered during a project and how you implemented your problem-solving skills to overcome it?,Product Strategy,Medium,Lululemon,"Problem Solving, Project Management, Collaboration","Software Developer, Project Manager, System Analyst","Shared a challenge, explained my solution strategy.",I discussed an obstacle I faced in a project and how I utilized my problem-solving skills to tackle it. This demonstrates my ability to handle complex situations effectively.
Can you describe a challenge you faced at work and explain how you utilized your problem-solving skills to overcome it?,Machine Learning,Hard,Appfolio,"Problem Solving, Project Management","Software Developer, Systems Analyst, Project Manager, IT Consultant",Shared a tough work challenge and explained how I solved it.,"I faced a problem at work, such as a software bug or project delay. To solve it, I used my critical thinking skills, collaborated with team members, and implemented an effective solution."
Can you describe a challenge you faced during a team project and how you used your problem-solving skills to overcome it?,Coding,Hard,Oshkosh,"Teamwork, Problem Solving, Project Management","Software Developer, Project Manager, Scrum Master",Shared a difficult team project challenge and explained how I solved it.,"I described a time when my team faced a problem during a project. I then explained the steps I took to analyze the issue, brainstorm solutions, and implement the best one, ultimately resolving the challenge."
Can you describe a challenge you faced in a past project and explain how you implemented your problem-solving skills to overcome it?,Technical,Medium,on2it,"Problem Solving, Project Management","Software Developer, Project Manager, System Analyst",Shared a tough project problem and explained my solution approach.,"I described a difficult situation I faced in a previous project, then explained how I applied my problem-solving skills to find a resolution. This demonstrates my ability to handle challenges effectively."
Can you describe a challenge you faced in a previous project and how you used your problem-solving skills to overcome it?,Analytical,Medium,PWC,"Problem Solving, Project Management","Software Developer, Project Manager, System Analyst",Shared a solution for a tough project issue.,"I once faced a challenge where the code I was working on had an unexpected bug. To solve it, I used my problem-solving skills by breaking down the problem into smaller parts and testing each piece individually. This helped me locate and fix the bug, ensuring the project continued smoothly."
Can you describe a challenge you faced in a previous role and discuss how you applied problem-solving skills to address it?,Technical,Hard,Universal Technical Institute,"Problem Solving, Project Management, Communication","Software Developer, Systems Analyst, Project Manager, Quality Assurance Engineer",Shared a tough work problem and explained how I found a solution.,"This question asks you to share an example of a challenge you faced in your previous role, and explain how you applied problem-solving skills to address it. It's important for roles that require critical thinking, decision making, and effective communication. By sharing this story, the interviewer can learn about your ability to handle difficult situations, work collaboratively, and find creative solutions."
Can you describe a challenge you faced in a previous role and how you applied your problem-solving skills to resolve it?,Coding,Hard,X,"Problem Solving, Project Management","Software Developer, Systems Analyst, Project Manager",Shared a difficult project issue and explained how I found a solution.,"This question asks you to describe a challenge you faced in your previous role and how you applied problem-solving skills to resolve it. For example, you might talk about a time when a project was delayed due to unexpected issues, and you took the initiative to research solutions, collaborate with team members, and implement a new strategy that got the project back on track."
Can you describe a challenge you faced in a previous role and how you employed problem-solving skills to overcome it?,Analytical,Medium,Boston Consulting Group,"Problem Solving, Project Management","Software Developer, Systems Engineer, Project Manager","Shared a difficult task, solved it with teamwork.","I once faced a challenge where our project was delayed due to an unexpected bug. To solve this, I employed problem-solving skills by breaking down the issue into smaller parts, collaborating with my team, and working together to find solutions for each part. We were able to identify the root cause, fix it, and get the project back on track."
Can you describe a challenge you faced in a previous role and how you overcame it using your problem-solving skills?,Coding,Medium,Infineon,"Problem Solving, Project Management","Software Developer, Systems Analyst, Project Manager","Shared a challenge, explained solution strategy.","I once faced a difficult situation where our project was behind schedule due to unexpected bugs. I used my problem-solving skills by breaking down the issue, identifying root causes, and implementing a step-by-step plan to fix them. This allowed us to get back on track and meet our deadline."
Can you describe a challenge you faced in a previous role and how you used problem-solving skills to overcome it?,Product Strategy,Medium,Search + Gather,"Problem Solving, Project Management","Software Developer, Systems Analyst, Project Manager, Quality Assurance Engineer",Shared a tough project hurdle and how I solved it.,"I once faced a challenge where our software was not meeting the client's requirements. To solve this, I organized a team meeting to discuss potential solutions, researched alternative approaches, and implemented the most effective one. This led to a successful project delivery."
Can you describe a challenge you faced in a previous role and how you used your problem-solving skills to overcome it?,Coding,Medium,Walmart,"Problem Solving, Project Management","Software Developer, Systems Analyst, Project Manager, Quality Assurance Engineer",Shared a tough work challenge and how I solved it.,"In my previous job, I faced a difficult situation where the project was behind schedule. To solve this problem, I used my analytical skills to identify the bottlenecks, collaborated with team members, and implemented new strategies that helped us catch up and complete the project on time."
Can you describe a challenge you faced in a team project and how you used your problem-solving skills to overcome it?,Behavioral,Medium,Cloudflare,"Problem Solving, Teamwork, Project Management","Software Developer, Project Manager, Scrum Master","Shared project challenge, used my skills to find a solution.","I faced a problem during a team project where we couldn't meet the deadline due to conflicting ideas. I applied critical thinking and effective communication to understand each team member's concerns, found common ground, and proposed a compromise that allowed us to complete the project on time."
Can you describe a challenge you faced in a team setting and how you used your problem-solving skills to resolve it?,Product Strategy,Hard,Amazon,"Problem Solving, Teamwork, Conflict Resolution","Software Developer, Project Manager, System Analyst",Shared project challenge resolved with teamwork and problem-solving skills.,"Once, I encountered a situation where our team's project was delayed due to disagreements. To resolve this, I listened to everyone's concerns, proposed a compromise, and facilitated open communication. This helped us find a solution that satisfied all parties, ultimately completing the project on time."
Can you describe a challenge you faced in your previous role and explain how you used problem-solving skills to overcome it?,Technical,Medium,Los Angeles Community College District,"Problem Solving, Project Management","Software Developer, Systems Analyst, Project Manager",Shared a difficult work challenge and explained how I tackled it.,"In my previous job, I faced a problem that required creative thinking and effective communication. To solve this issue, I broke the problem down into smaller parts, researched potential solutions, collaborated with team members, and implemented a step-by-step plan to resolve the challenge successfully."
Can you describe a challenge you faced in your previous role and how you utilized problem-solving skills to overcome it?,System Design,Hard,PNC,"Problem Solving, Project Management","Software Developer, Project Manager, System Analyst","Shared a challenge, explained how I solved it.","I faced a problem in my previous role, such as a software bug or project delay. To solve it, I applied problem-solving skills like breaking down the issue, researching solutions, testing potential fixes, and learning from mistakes."
Can you describe a challenge you faced while implementing a technical project and how you overcame it?,Analytical,Medium,"Native American Rehabilitation Association of the Northwest, Inc. (NARA)","Project Management, Problem Solving, Technical Implementation","Software Engineer, Systems Analyst, Developer, IT Project Manager",Shared a difficult project hurdle and explained my solution.,"I faced a challenge while implementing a technical project, specifically when the database integration failed. To overcome it, I reached out to the team, researched possible solutions, and found a workaround that allowed us to bypass the failing integration temporarily until it could be fixed."
Can you describe a challenge you've faced in your current role and how you utilized problem-solving skills to overcome it?,Coding,Medium,Takeo,"Problem Solving, Project Management","Software Developer, System Analyst, Project Manager","Shared a difficult task, used teamwork and critical thinking.","I once faced a challenge where a project was behind schedule due to unexpected complexities. I utilized problem-solving skills by breaking down the issue into smaller manageable tasks, communicating effectively with my team, and working collaboratively to find solutions. This approach helped us complete the project on time."
"Can you describe a challenging database design project you handled, outlining the strategies you used to ensure scalability and performance?",Sql,Hard,State of Newyork- Department of financial Services,"Database Design, Scalability, Performance Optimization","Database Administrator, Database Developer, Software Engineer",Shared a database design project where I ensured scalability and performance.,"In a past project, I designed a database to handle large amounts of data efficiently. To ensure scalability, I used partitioning strategies and distributed databases. For performance optimization, I implemented indexes, query optimization techniques, and caching mechanisms."
Can you describe a challenging problem in your previous job and how you applied problem-solving skills to overcome it?,Coding,Hard,Facebook,"Problem Solving, Project Management, Critical Thinking","Software Developer, Systems Analyst, Project Manager, Quality Assurance Engineer",Shared a tough work challenge and how I solved it using problem-solving skills.,"I once faced a difficult issue at work where our project was delayed due to unexpected bugs. To solve this, I broke the problem into smaller parts, identified the root cause, implemented fixes, and tested thoroughly before re-deploying. This approach helped us meet our deadline."
Can you describe a challenging problem you encountered at your last job and how you applied your problem-solving skills to resolve it?,Technical,Hard,TVA,"Problem Solving, Project Management","Software Developer, Systems Analyst, Project Manager",Shared a difficult issue and explained how I tackled it successfully.,"I faced a tricky problem at work, such as a software bug or project delay. To resolve it, I used my problem-solving skills by breaking down the issue into smaller parts, researching potential solutions, testing possible fixes, and implementing the best solution."
Can you describe a challenging problem you encountered in a previous job and how you approached and resolved it?,Analytical,Medium,Comerica bank,"Problem Solving, Project Management","Software Developer, Systems Analyst, Project Manager",Shared a difficult problem and explained my solution.,"I described a tough issue I faced at work, detailed the steps I took to understand it, and shared how I came up with a resolution. This shows that I can handle challenges effectively."
Can you describe a challenging problem you encountered in a previous job and how you approached its solution?,Analytical,Medium,Google,"Problem Solving, Project Management","Software Engineer, System Analyst, Project Manager",Shared a difficult problem and explained my solution strategy.,"I described a tough issue I faced at work, then shared the steps I took to tackle it. This question tests problem-solving skills and ability to manage projects."
Can you describe a challenging problem you encountered in a previous role and how you applied critical thinking to resolve it?,Behavioral,Medium,Flash Hub,"Critical Thinking, Problem Solving, Project Management","Software Engineer, Systems Analyst, Project Manager, Data Scientist",Shared a tough problem and explained how I used logic to fix it.,"I once faced a difficult issue at work where data was inconsistent. Instead of giving up, I applied critical thinking by breaking down the problem into smaller parts, identifying potential causes, testing solutions, and finally implementing the best one. This led to a more efficient system."
Can you describe a challenging problem you encountered in your previous job and how you resolved it?,Analytical,Hard,Allstate,"Problem Solving, Project Management","Software Developer, Systems Analyst, Project Manager",Shared a difficult problem and how I overcame it.,"I faced a challenging issue at work, such as a bug in the code or data inconsistency. To resolve it, I analyzed the problem thoroughly, brainstormed solutions, tested my ideas, and finally implemented the best solution. This helped me to successfully overcome the challenge."
Can you describe a challenging problem you encountered in your previous job and how you went about solving it?,System Design,Hard,Electronic Arts,"Problem Solving, Project Management","Software Developer, Systems Analyst, Project Manager",Shared a difficult problem and explained my solution approach,"I described a challenging issue I faced in my previous job, explained how I identified the problem, and detailed the steps I took to find a solution. This demonstrates my ability to analyze problems, think critically, and work towards finding effective solutions."
Can you describe a challenging problem you encountered in your previous role and explain how you resolved it?,Coding,Medium,Rt Camp,"Problem Solving, Project Management","Software Developer, Systems Analyst, Project Manager",Shared a difficult work problem and explained how it was solved.,"I faced a challenging issue at my previous job, such as a system failure or a project delay. To resolve it, I followed these steps: identified the root cause, brainstormed potential solutions with my team, implemented the best solution, monitored progress, and adjusted as needed until the problem was fully resolved."
Can you describe a challenging problem you encountered in your previous role and how you applied your problem-solving skills to overcome it?,Technical,Medium,Harris ERP,"Problem Solving, Project Management","Software Developer, Systems Analyst, Project Manager",Shared a difficult issue and my solution,"I once faced a problem at work where the system was slowing down significantly. I used my problem-solving skills to identify the root cause, which turned out to be an inefficient database query. I then rewrote the query to optimize its performance, resulting in a faster and more stable system."
Can you describe a challenging problem you encountered in your previous role and how you resolved it?,Technical,Hard,IT Labs,"Problem Solving, Project Management","Software Developer, Systems Analyst, Project Manager",Shared a difficult issue and explained my solution.,"I faced a tough problem at work, such as a software bug or project delay. I analyzed the situation, brainstormed solutions, implemented one, and monitored its results to ensure success."
Can you describe a challenging problem you encountered in your previous role and outline how you resolved it?,Technical,Medium,Light & Wonder,"Problem Solving, Project Management","Software Developer, Systems Analyst, Project Manager",Shared a difficult issue and explained my solution.,"I faced a complex problem at work, such as a software bug or project delay. I analyzed the situation, brainstormed potential solutions, chose the best one, implemented it, and monitored the results to ensure success."
Can you describe a challenging problem you faced at work and how you implemented a solution?,Technical,Hard,Upwork,"Problem Solving, Project Management, Critical Thinking","Software Developer, Systems Analyst, Project Manager",Shared a solution for a tough work problem.,"I once faced a difficult issue at work, such as a system failure or project delay. To resolve it, I analyzed the situation, brainstormed potential solutions, and implemented the best one. This required careful planning, effective communication, and the ability to adapt as needed. The result was a successful resolution of the problem."
Can you describe a challenging problem you faced in your previous role and how you applied problem-solving skills to address it?,Technical,Hard,Google,"Problem Solving, Project Management","Software Developer, Systems Analyst, Project Manager",Shared a difficult issue and explained how I tackled it effectively.,"I described a problem that I faced in my previous job, such as a software bug or project delay. Then, I explained the steps I took to solve the problem, like breaking it down into smaller tasks, researching solutions, testing potential fixes, and implementing the best solution."
Can you describe a challenging problem you faced in your previous role and how you successfully resolved it?,Analytical,Medium,Oroton Group Pty Limited,"Problem Solving, Project Management","Software Developer, Systems Administrator, Project Manager",Shared a difficult issue and explained my solution.,"I once faced a challenging problem at work where the application I was developing had frequent crashes. To resolve this, I analyzed the error logs, identified the root cause (a memory leak), and implemented a fix that improved the app's stability."
Can you describe a challenging problem you solved in a previous project and the steps you took to resolve it?,Machine Learning,Hard,Oracle,"Problem Solving, Project Management, Troubleshooting","Software Developer, Systems Analyst, IT Project Manager",Shared a difficult issue I faced and how I overcame it.,"I explained a problem I tackled in a past project, detailing the steps I took to find a solution. This demonstrates my ability to handle complex issues and work through them effectively."
Can you describe a challenging problem you solved using innovative technical solutions?,Technical,Hard,"Checkr, Inc","Innovative Technical Solutions, Problem Solving, Technical Challenges","Software Engineer, Solutions Architect, Systems Analyst",Shared a unique tech solution to a tough problem.,"I once faced a challenging issue at work, and I solved it by coming up with an innovative technical approach. This involved using new technologies or applying existing ones in a novel way. For instance, I developed a machine learning model to automate a repetitive task, which significantly improved our team's productivity."
Can you describe a challenging problem-solving experience related to your previous role and how you managed it?,Technical,Hard,McLane,"Problem Solving, Project Management, Decision Making","Software Developer, Systems Analyst, Project Manager, Data Scientist","Shared a tough problem, explained my approach, and achieved success.","I faced a difficult situation at work where I had to solve a complex issue. I analyzed the problem, brainstormed solutions, chose the best one, implemented it, and finally, resolved the issue. This experience helped me develop strong problem-solving skills."
Can you describe a challenging professional situation where your problem-solving skills led to a successful outcome?,Technical,Medium,Play,"Problem Solving, Project Management","Software Engineer, Project Manager, System Analyst","Solved a complex coding issue, saving the project from delay.","Recount a time when you faced a difficult professional situation that required problem-solving skills. Explain how your abilities led to a successful resolution of the challenge, ultimately benefiting the project or team."
Can you describe a challenging professional situation you faced and detail how you used problem-solving skills to overcome it?,Analytical,Medium,Fifth Third Bank,"Problem Solving, Project Management","Software Engineer, Project Manager, System Analyst",Shared a tough work challenge and explained how I solved it.,"I described a difficult situation at work, such as a project delay or technical issue. Then, I explained the steps I took to analyze the problem, brainstorm solutions, implement my chosen solution, and monitor its success."
Can you describe a challenging professional situation you faced and how you used problem-solving skills to overcome it?,Technical,Hard,CMG,"Problem Solving, Project Management, Decision Making","Software Engineer, Product Manager, System Analyst",Shared a tough work challenge and how I solved it.,"I once faced a difficult situation at work where the project was behind schedule. To overcome this, I used my problem-solving skills by breaking down the task into smaller parts, prioritizing them, and working diligently to meet each deadline. This helped us complete the project on time."
Can you describe a challenging project and how you used problem-solving skills to successfully complete it?,Technical,Hard,Vanderbilt University Medical Center,"Project Management, Problem Solving, Technical Challenges","Software Developer, Project Manager, System Analyst",Shared a tough project and how I solved problems to finish it on time.,"I once worked on a challenging project where the deadline was tight and the requirements kept changing. To solve this problem, I broke down the tasks into manageable parts, prioritized them based on their impact, and communicated effectively with my team members. This approach helped us to deliver the project successfully and meet the deadline."
Can you describe a challenging project in which you utilized your problem-solving skills to achieve the desired outcome?,Analytical,Hard,KPMG,"Problem Solving, Project Management, Technical Skills","Software Engineer, Project Manager, System Analyst",Shared a difficult project where I used problem-solving skills to meet goals.,"I once worked on a challenging project that required me to apply my problem-solving abilities. For instance, the system was slow and needed optimization. By breaking down the issue into smaller parts, researching efficient solutions, testing, and iterating, I managed to improve the system's performance significantly."
"Can you describe a challenging project or problem that you faced, and explain how you used your technical skills to resolve it?",System Design,Medium,Point of Rental Software,"Problem Solving, Project Management, Technical Skills","Software Developer, Systems Analyst, IT Project Manager",Shared a tough project and how tech skills helped solve it,"I once faced a challenging project where I had to apply my technical skills to resolve an issue. For example, if the problem was related to software development, I might have used programming languages like Java or Python to write code that fixed the issue. In another scenario, I could have utilized database management skills to optimize a slow-performing database. Regardless of the specific technical skill, the key takeaway is my ability to identify problems, analyze their root causes, and implement solutions effectively."
Can you describe a challenging project or problem you faced at work and detail how you resolved it?,Behavioral,Medium,Goldman Sachs,"Problem Solving, Project Management, Collaboration","Software Engineer, Project Manager, System Analyst",Shared a difficult project and explained how it was solved,"Told a story about a tough work challenge, explaining the steps taken to identify the issue, develop a solution, and implement it with team collaboration."
Can you describe a challenging project or situation and how you used your problem-solving skills to overcome it?,Analytical,Medium,International Code Council,"Problem Solving, Project Management","Software Developer, Project Manager, System Analyst",Shared a tricky project and how I solved it with teamwork.,"I once faced a difficult project where the deadline was tight, the requirements were unclear, and the technology was new. To overcome this challenge, I broke down the project into smaller tasks, communicated effectively with my team, and learned the necessary technology quickly. By working together, we managed to deliver the project on time and met all the requirements."
Can you describe a challenging project or situation and how you utilized your problem-solving skills to overcome it?,Coding,Hard,PWC,"Problem Solving, Project Management","Software Developer, Project Manager, System Analyst",Explained a tough project and shared how I solved it creatively,"I described a difficult project or situation I faced, then explained the steps I took to solve the problem using my critical thinking and problem-solving skills. This question tests both technical abilities and adaptability."
"Can you describe a challenging project or task you have handled, focusing on your problem-solving strategies?",System Design,Hard,Power Factor,"Project Management, Problem Solving Strategies","Software Developer, Project Manager, System Analyst",Shared a complex project and my problem-solving steps.,"I handled a difficult task by breaking it down, analyzing the issue, brainstorming solutions, implementing a plan, and monitoring progress until resolution."
Can you describe a challenging project that required complex problem-solving skills and how you successfully managed it?,System Design,Hard,Company,"Complex Problem Solving, Project Management, Technical Challenges","Software Engineer, Project Manager, Systems Analyst","Managed a complex project with tough problems, resulting in success.","I took on a challenging project that demanded intricate problem-solving skills. I broke down the project into manageable tasks, collaborated with my team, and used critical thinking to solve each challenge as it came up. In the end, we successfully completed the project beyond expectations."
Can you describe a challenging project that required intensive problem-solving and how you successfully implemented your solution?,Technical,Hard,TCH,"Problem Solving, Project Management, Intensive Computing","Software Engineer, Systems Analyst, Project Manager",Described a tough project and how I solved it.,"I discussed a difficult project I worked on that required extensive problem-solving skills. I explained the challenges we faced, the solutions I proposed, and how they were implemented successfully."
Can you describe a challenging project that required significant problem-solving skills and how you approached it?,Statistics,Hard,Canadian Tire Corporation,"Problem Solving, Project Management, Technical Challenges","Software Engineer, Project Manager, System Analyst",Described a tough project and my problem-solving steps.,"I once worked on a difficult project that required a lot of thinking to solve. I broke it down into smaller tasks, researched solutions, tested them, and adjusted as needed until the problem was solved."
Can you describe a challenging project that required you to apply problem-solving skills and how you managed it?,Technical,Hard,Aarete,"Problem Solving, Project Management, Technical Challenges","Software Engineer, Project Manager, System Analyst",Described a tough project where I used problem-solving skills to manage it.,"I once worked on a difficult project that required me to apply my problem-solving abilities. This project had many complex issues, and I needed to find creative solutions to keep it moving forward. By breaking down the problems into smaller tasks, collaborating with my team, and using effective communication, we were able to successfully complete the project."
Can you describe a challenging project that required your problem-solving skills and how you addressed it?,Product Design,Hard,adobe,"Problem Solving, Project Management, Technical Challenges","Software Developer, Systems Analyst, Project Manager","Shared a hard project, solved it with teamwork.","I once worked on a difficult project that required my problem-solving skills. The project had many unexpected issues and tight deadlines. To address these challenges, I collaborated closely with my team, brainstormed solutions, and prioritized tasks effectively to ensure we met the deadline."
Can you describe a challenging project that tested your problem-solving skills and how you overcame it?,Technical,Medium,HCL,"Problem Solving, Project Management, Technical Challenges","Software Developer, Project Manager, System Analyst",Shared a tricky project and how I solved it.,"I once worked on a challenging project where the system kept crashing. After analyzing the issue, I realized that the code was too complex for the hardware to handle. So, I simplified the code, improved its efficiency, and the system started running smoothly."
Can you describe a challenging project where you applied your problem-solving abilities to derive a creative solution?,Coding,Medium,Molex,"Problem Solving, Creativity, Project Management","Software Engineer, Data Scientist, Product Manager, System Analyst",Shared a novel approach to tackle a complex project issue.,"I once worked on a challenging project where I had to find a creative solution. For instance, when our team was developing an application with tight deadlines and limited resources, we faced a bottleneck in the database layer. To solve this, I proposed using a NoSQL database instead of the traditional SQL one, which allowed us to scale horizontally without affecting performance. This unconventional approach not only met the project deadline but also improved the application's overall efficiency."
Can you describe a challenging project where you applied your problem-solving skills and achieved a successful outcome?,System Design,Hard,Google,"Problem Solving, Project Management, Technical Skills","Software Developer, Project Manager, System Analyst",Described a tough project where I solved problems and achieved success.,"I can discuss a challenging project where I applied my problem-solving skills to overcome obstacles, manage resources effectively, and ultimately achieve a successful outcome. This demonstrates my ability to handle complex situations and deliver results."
Can you describe a challenging project where you applied your problem-solving skills for a successful outcome?,Coding,Medium,PNC,"Problem Solving, Project Management, Technical Skills","Software Engineer, Project Manager, System Analyst",Shared a tricky project where I used my problem-solving skills to succeed.,"I once worked on a challenging project that required me to apply my problem-solving abilities. The task was complex, and there were multiple obstacles along the way. However, by breaking down the problem into smaller parts, analyzing each part thoroughly, and devising effective solutions, I was able to successfully complete the project."
Can you describe a challenging project where you applied your problem-solving skills in a technical implementation?,Coding,Hard,Joby Germany GmbH,"Problem Solving, Technical Implementation, Project Management","Software Engineer, Systems Analyst, IT Project Manager",Shared a tricky project where I used my tech skills to deliver.,"I worked on a challenging project that required me to apply my problem-solving abilities in a technical implementation. For instance, I might have had to develop a new feature for an application or troubleshoot an issue with a complex system. This experience demonstrates my ability to handle difficult situations and deliver successful technical solutions."
Can you describe a challenging project where you applied your problem-solving skills to achieve a successful outcome?,Technical,Hard,Trinus,"Problem Solving, Project Management, Technical Skills","Software Developer, Project Manager, System Analyst, Data Scientist",Shared a tricky project where I used my problem-solving skills to reach success.,"I worked on a challenging project where I had to apply my analytical and creative thinking abilities. I faced obstacles, but by breaking down the problem into smaller parts, brainstorming solutions, and testing them, I was able to find a workable solution that led to a successful outcome."
Can you describe a challenging project where you applied your problem-solving skills to achieve successful results?,Behavioral,Medium,TalentNeuron,"Problem Solving, Project Management, Technical Skills","Software Engineer, Project Manager, System Analyst","Tackled a tough project, using my skills to deliver success.","I worked on a challenging project where I had to apply my problem-solving abilities and technical skills. For instance, I encountered an issue with a software system that required complex troubleshooting and debugging. By breaking down the problem into smaller tasks, I was able to identify the root cause, implement solutions, and ultimately deliver successful results."
Can you describe a challenging project where you applied your problem-solving skills to find an innovative solution?,Analytical,Medium,Defense Contract Audit Agency,"Problem Solving, Innovation, Project Management","Software Engineer, Product Manager, Data Analyst",Shared a creative solution to a tough project challenge.,"I once worked on a challenging project where I had to find an innovative solution. For instance, let's say we were developing a new feature for our software application, but the existing methods wouldn't work efficiently. To tackle this problem, I applied my problem-solving skills and came up with a unique approach that not only resolved the issue but also improved the overall performance of the feature."
Can you describe a challenging project where you demonstrated problem-solving skills and its outcome?,System Design,Medium,welsfargo,"Problem Solving, Project Management, Technical Skills","Software Engineer, Project Manager, System Analyst","Described a tough project where I solved problems, resulting in success.","I worked on a challenging project where I encountered numerous issues. By applying my problem-solving skills, I was able to find creative solutions that led to the successful completion of the project."
Can you describe a challenging project where you effectively utilized your problem-solving and technical implementation skills?,Behavioral,Hard,KOCH Industries,"Problem Solving, Project Management, Technical Implementation","Software Developer, Systems Engineer, Project Manager",Shared a difficult project where I used my skills to succeed.,"I worked on a challenging project, where I applied my problem-solving abilities and technical implementation skills. For instance, I had to develop a complex software system with tight deadlines. By breaking down the project into manageable tasks, I was able to overcome obstacles and deliver the project successfully."
Can you describe a challenging project where you had to apply your problem-solving skills to achieve the objective?,Analytical,Hard,Evercore,"Problem Solving, Project Management, Technical Skills","Software Developer, Systems Analyst, Project Manager, Quality Assurance Engineer",Shared a tricky project where I used my skills to meet the goal.,"I worked on a challenging project that required me to apply my problem-solving abilities and technical skills to achieve the objective. In this project, I encountered several obstacles, but by breaking down the problems into smaller tasks, analyzing each issue thoroughly, and implementing creative solutions, I was able to successfully complete the project."
Can you describe a challenging project where you had to apply your problem-solving skills to meet the goals?,Analytical,Medium,Citi Bank,"Problem Solving, Project Management, Technical Skills","Software Engineer, Project Manager, System Analyst",Described a tough project where I used my skills to reach the goal.,"I can share an instance when I had to tackle a difficult project that required my problem-solving abilities. In this situation, I was tasked with resolving an issue in our software system that was causing significant delays. By breaking down the problem into smaller parts and methodically addressing each one, I managed to find a solution that not only fixed the initial issue but also improved the overall performance of the system."
Can you describe a challenging project where you had to use your problem-solving skills to achieve the desired outcome?,Coding,Hard,Google,"Problem Solving, Project Management, Technical Skills","Software Engineer, Project Manager, Data Analyst",Told about a tough project where I applied my problem-solving abilities to reach the goal.,"I shared an experience from a challenging project where I had to think creatively and work diligently to overcome obstacles, ultimately achieving the desired outcome. This demonstrates my ability to use my technical skills in a practical setting and manage projects effectively."
Can you describe a challenging project where you had to use your problem-solving skills to achieve the desired result?,Technical,Hard,mastercard,"Problem Solving, Project Management","Software Developer, Project Manager, System Analyst","Tackled a tough project, using my skills to get the job done.","I worked on a challenging project where I had to apply my problem-solving skills to overcome obstacles and meet the project goals. This required careful planning, effective communication, and creative thinking."
Can you describe a challenging project where you leveraged your problem-solving skills to achieve the desired outcome?,Analytical,Hard,PER SCHOLAS:,"Problem Solving, Project Management, Technical Skills","Software Engineer, Project Manager, System Analyst",Shared a tough project where I used my skills to succeed.,"I once worked on a challenging project that required me to use my problem-solving abilities. Despite encountering obstacles, I was able to find solutions and ultimately achieve the desired outcome. This experience demonstrates my ability to manage complex tasks and deliver results."
Can you describe a challenging project where you used your problem-solving skills and the process you implemented to overcome it?,Technical,Medium,ReloShare,"Problem Solving, Project Management, Technical Skills","Software Engineer, Project Manager, System Analyst",Shared a tough project where I used my skills to solve problems.,"I worked on a challenging project where I had to apply my problem-solving skills. The issue was complex and required careful planning and execution. To overcome it, I broke down the problem into smaller parts, analyzed each part, and developed solutions for them. I then implemented these solutions one by one, constantly monitoring progress and making adjustments as needed. This approach helped me successfully complete the project."
Can you describe a challenging project where you used your problem-solving skills to achieve a successful outcome?,Coding,Medium,CoBank,"Problem Solving, Project Management, Technical Skills","Software Engineer, Project Manager, Data Analyst",Shared a tough project where I used creativity to solve problems and achieved success.,"I once worked on a challenging project where I had to apply my problem-solving skills to overcome obstacles. For instance, I faced an issue with data inconsistencies that threatened the project's timeline. By breaking down the problem into smaller parts, brainstorming solutions, and testing them iteratively, I was able to correct the errors and ensure the project was completed on schedule."
Can you describe a challenging project where you used your problem-solving skills to fine-tune a technical implementation?,Analytical,Hard,Canada Life,"Problem Solving, Technical Implementation, Project Management","Software Engineer, Systems Analyst, Developer, IT Project Manager",Shared a project where I optimized a technical process using creative problem-solving.,"I worked on a challenging project that required me to fine-tune a complex technical implementation. To solve the problem, I used my analytical skills and came up with an innovative solution which improved the efficiency of the system."
Can you describe a challenging project where you utilized your problem-solving skills effectively?,System Design,Hard,Intuit,"Problem Solving, Project Management","Software Engineer, Project Manager, Data Analyst",Described a tough project where I solved problems efficiently.,"I can share an instance when I worked on a complex software project with many issues. By applying my problem-solving skills, I was able to identify and resolve each issue one by one, ultimately delivering the project successfully."
Can you describe a challenging project where you utilized your problem-solving skills to achieve a successful outcome?,Product Strategy,Hard,PayPal,"Problem Solving, Project Management, Technical Skills","Software Engineer, Project Manager, System Analyst",Shared a difficult project where I used problem-solving skills to reach success.,"I once worked on a challenging project that required me to apply my problem-solving abilities. For instance, I had to find a solution for a system error that was causing delays in our production process. By breaking down the issue into smaller parts and testing potential solutions, I managed to identify the root cause and implement a fix. This led to an improvement in our productivity and ultimately, a successful project outcome."
Can you describe a challenging project where you utilized your problem-solving skills to achieve success?,System Design,Hard,RM PLC UK,"Problem Solving, Project Management","Software Developer, Project Manager, System Analyst",Described a tough project where I solved problems to reach success.,"I worked on a challenging project where I had to apply my problem-solving skills to overcome obstacles and achieve the desired outcome. For instance, I might have encountered unexpected errors in code or lack of resources, but by analyzing the situation, brainstorming solutions, and implementing changes, I was able to successfully complete the project."
Can you describe a challenging project where you utilized your problem-solving skills to achieve the desired outcome?,Machine Learning,Hard,Amazon,"Problem Solving, Project Management","Software Developer, Project Manager, System Analyst","Shared a tough project, used skills to reach goal.","I worked on a challenging project where I had to apply my problem-solving abilities to overcome obstacles and meet the project objectives. For instance, I was part of a team tasked with developing an application that required real-time data processing. However, we encountered issues with scalability due to high volumes of data. By breaking down the problem into smaller tasks, collaborating with my teammates, and researching efficient algorithms, we were able to optimize our code and successfully deliver the project on time."
Can you describe a challenging project where you utilized your problem-solving skills to implement a technical solution?,Sql,Hard,RockStar Games,"Problem Solving, Project Management, Technical Solutions","Software Engineer, Systems Analyst, Solutions Architect",Described a tough project where I solved problems with tech.,I explained a challenging project where I utilized my problem-solving skills to implement a technical solution. This demonstrates my ability to manage complex projects and find effective solutions.
Can you describe a challenging project where you utilized your technical skills to implement a successful solution?,Technical,Medium,M1,"Project Management, Technical Skills, Problem Solving","Software Engineer, System Analyst, IT Project Manager",Described a tough project where I used my tech skills to create a successful solution.,I can share an example of a challenging project where I applied my technical abilities to overcome difficulties and achieve a successful outcome. This demonstrates my problem-solving skills and ability to manage complex projects.
Can you describe a challenging project you completed and explain how you utilized your problem-solving skills to achieve success?,Coding,Hard,Google,"Project Management, Problem Solving, Technical Skills","Software Engineer, Project Manager, Developer",Shared a tough project and showed how I overcame obstacles to succeed.,"I completed a challenging project by breaking it down into manageable tasks, identifying problems as they arose, and applying appropriate solutions. For instance, when the database was slowing down the application, I optimized the queries and increased the server capacity. This improved the performance significantly, enabling us to meet our deadline."
Can you describe a challenging project you completed and how you overcame the obstacles you encountered?,Coding,Medium,Tata Consultancy Services(TCS),"Project Management, Problem Solving, Time Management","Software Engineer, Project Manager, Developer, Tech Lead",Shared a tough project and how I triumphed over difficulties.,"I once worked on a challenging project where the deadline was tight, resources were limited, and there were unexpected issues. To overcome these obstacles, I broke down the project into manageable tasks, prioritized them effectively, and communicated regularly with my team. This approach helped us to meet the deadline and deliver a high-quality product."
Can you describe a challenging project you encountered and how you utilized your problem-solving skills to complete it?,Product Strategy,Hard,American Express,"Project Management, Problem Solving, Time Management","Software Developer, Project Manager, System Analyst",Shared a difficult project and how I overcame it with problem-solving skills.,"I once worked on a challenging project where the requirements kept changing. To complete it, I broke down the tasks into manageable parts, prioritized them based on their urgency, and used my analytical skills to find effective solutions for each part. This approach helped me deliver the project successfully despite the obstacles."
Can you describe a challenging project you encountered and the strategies you used for successful implementation?,Analytical,Medium,Gilead,"Project Management, Problem Solving, Strategic Planning","Software Developer, Project Manager, System Analyst",Shared a tough project & strategies used for success.,"I once faced a challenging project where the requirements were unclear and the timeline was tight. To overcome this, I broke down the project into manageable tasks, communicated effectively with the team, and prioritized based on importance. This approach helped us deliver the project on time and within budget."
"Can you describe a challenging project you had to manage, and the strategies you used to ensure its successful completion?",Behavioral,Hard,b-edgile,"Project Management, Problem Solving, Leadership","Project Manager, Software Engineer, Scrum Master, Product Manager","Shared a difficult project, explained strategies used for success.","I managed a challenging project by breaking it down into smaller tasks, setting clear goals, and effectively communicating with the team. I also monitored progress closely to ensure timely completion and addressed any issues that arose promptly."
Can you describe a challenging project you handled and discuss your problem-solving strategies used to overcome the difficulties?,Technical,Hard,Mozilla,"Project Management, Problem Solving, Technical Challenges","Software Developer, Project Manager, System Analyst",Shared a tough project and explained how I tackled its difficulties.,"I described a challenging project I handled, explaining the problems I faced and the strategies I used to overcome them. This demonstrates my ability to manage complex tasks and think creatively to find solutions."
Can you describe a challenging project you handled and elaborate on your problem-solving approach?,Machine Learning,Hard,Aviva,"Project Management, Problem Solving, Technical Challenges","Software Developer, Project Manager, System Analyst",Shared details of a tough project and my problem-solving method.,"I handled a challenging project where the requirements kept changing. To solve this, I broke down the task into smaller parts, prioritized them, and communicated effectively with the team to ensure we were always on the same page. This approach helped us deliver the project successfully despite the hurdles."
Can you describe a challenging project you handled and elucidate the problem-solving techniques you used to successfully complete it?,Coding,Hard,Tinkoff Bank,"Project Management, Problem Solving, Technical Skills","Software Engineer, Project Manager, System Analyst",Shared a tough project and explained how I solved it.,"I discussed a difficult project I handled, explaining the problems encountered and the techniques I used to overcome them. This demonstrates my ability to manage projects effectively and solve complex technical issues."
Can you describe a challenging project you handled and explain the problem-solving strategies you used to complete it?,Behavioral,Hard,Deloitte,"Project Management, Problem Solving, Technical Challenges","Software Engineer, Project Manager, System Analyst",Shared a tough project and my approach to overcome it.,"I handled a challenging project where the deadline was tight and the requirements kept changing. To complete it, I broke down the task into smaller manageable parts, prioritized them based on their impact, and communicated effectively with the team to ensure everyone understood what needed to be done. When unexpected issues arose, I remained flexible and adapted my plan as necessary. In the end, we delivered the project on time and within budget."
Can you describe a challenging project you handled and explain the problem-solving strategies you utilized to ensure its success?,Technical,Hard,Tradeweb,"Project Management, Problem Solving, Communication","Software Engineer, Project Manager, System Analyst",Shared a difficult project and how I solved its challenges.,"I handled a challenging project where the deadline was tight, resources were limited, and requirements kept changing. To ensure its success, I utilized effective communication skills to coordinate with my team, prioritized tasks based on their urgency and impact, and implemented agile methodologies for adaptability."
Can you describe a challenging project you handled and how you applied your problem-solving skills to overcome it?,Coding,Hard,"Amazon Web Services, Inc.","Project Management, Problem Solving, Technical Challenges","Software Developer, Project Manager, System Analyst",Shared a difficult project and how I solved it with teamwork.,"I once worked on a complex software project that had many unexpected issues. To overcome these challenges, I collaborated closely with my team, brainstormed solutions, and implemented changes step-by-step until we successfully resolved the problems."
Can you describe a challenging project you handled and how you used your problem-solving skills to achieve its objectives?,Technical,Medium,ICE (Intercontinental Exchange),"Project Management, Problem Solving, Technical Skills","Software Developer, Project Manager, System Analyst","Shared a tough project, explained how I solved its challenges.","I handled a difficult project by identifying the problems, breaking them down into manageable tasks, and using my technical skills to find solutions. This approach helped me achieve the project's objectives."
Can you describe a challenging project you handled and how you used your problem-solving skills to overcome those challenges?,Technical,Hard,Amazon,"Project Management, Problem Solving, Team Collaboration","Software Developer, Project Manager, System Analyst",Shared a tough project and used teamwork to solve problems.,"I worked on a challenging project where we faced unexpected issues. To tackle these, I utilized my problem-solving skills by collaborating with the team, brainstorming solutions, and implementing effective strategies. This allowed us to successfully complete the project."
Can you describe a challenging project you handled and how your problem-solving skills contributed to its success?,Analytical,Medium,Momentive,"Project Management, Problem Solving, Communication","Software Engineer, Project Manager, Scrum Master, Developer","Shared a tough project, showcasing my problem-solving skills for success.","I handled a challenging project where I faced unexpected issues. By applying my problem-solving skills, I was able to identify and resolve these obstacles, leading to the successful completion of the project."
Can you describe a challenging project you handled and the problem-solving methods you used to successfully complete it?,Machine Learning,Medium,Rubik Technologies Ltd,"Project Management, Problem Solving, Technical Challenges","Software Engineer, Project Manager, Developer",Shared a tough project and how I solved it.,"I handled a challenging project where the deadline was tight and the requirements kept changing. To successfully complete it, I broke down the tasks into manageable parts, prioritized them based on their impact, and communicated effectively with my team to ensure everyone was on the same page. When unexpected issues arose, such as technical difficulties or resource constraints, I remained flexible and found creative solutions to overcome these obstacles."
Can you describe a challenging project you handled and the problem-solving skills you utilized to ensure its success?,Coding,Medium,Department of Transportation - State of California,"Project Management, Problem Solving, Technical Skills","Software Developer, Project Manager, System Analyst",Shared a difficult project and how I overcame obstacles to succeed,"I handled a challenging project where we faced unexpected issues. To ensure its success, I utilized effective communication, critical thinking, and adaptability. By working collaboratively with my team, we were able to identify solutions, prioritize tasks, and ultimately deliver the project on time."
Can you describe a challenging project you handled and the problem-solving strategies you applied to ensure its successful completion?,System Design,Medium,Virtusa,"Project Management, Problem Solving, Team Collaboration","Software Developer, Project Manager, System Analyst","Managed a complex project, using effective problem-solving strategies.","I led a challenging project where I faced numerous obstacles. To ensure its success, I applied critical thinking and collaboration to find solutions. For instance, when our database was failing, I worked with the team to switch to an alternative solution temporarily while we fixed the issue. This allowed us to meet our deadline without compromising quality."
Can you describe a challenging project you handled and the problem-solving strategies you used to successfully complete it?,Technical,Medium,Almac Groups,"Project Management, Problem Solving, Team Collaboration","Software Engineer, Project Manager, System Analyst",Successfully completed a difficult project using effective problem-solving strategies.,"I managed a challenging project where I faced unexpected issues. To resolve them, I collaborated with my team, brainstormed solutions, and implemented the best approach step by step. This led to the successful completion of the project."
Can you describe a challenging project you handled and the problem-solving techniques you employed to successfully complete it?,Sql,Medium,Involead,"Project Management, Problem Solving, Technical Challenges","Software Engineer, Project Manager, System Analyst",Shared a difficult project and how I overcame its hurdles.,"I handled a challenging project where the deadline was tight and resources scarce. To solve this, I broke down the task into manageable parts, prioritized them based on their impact, and allocated resources accordingly. This allowed us to complete the project on time and within budget."
Can you describe a challenging project you have completed and explain the problem-solving strategies you used?,Coding,Medium,System Soft Technologies,"Project Management, Problem Solving, Technical Challenges","Software Engineer, Project Manager, Developer, Tech Lead",Shared a tough project and my solutions to overcome obstacles,"I discussed a difficult project I completed, explaining the problems I faced and how I used critical thinking, teamwork, and technical skills to find solutions."
Can you describe a challenging project you have managed and explain how you have successfully delivered it?,Coding,Medium,NEW MEXICO STATE JOB,"Project Management, Problem Solving, Leadership","Project Manager, Software Engineer, Scrum Master, Product Manager","Managed a difficult project, delivered on time.","I once led a challenging project where we faced unexpected issues. By staying organized, collaborating with my team, and finding creative solutions, I was able to successfully complete the project ahead of schedule."
Can you describe a challenging project you have managed and how you handled the obstacles you encountered?,Behavioral,Hard,bologna university,"Project Management, Problem Solving, Leadership","Project Manager, Software Engineer, Scrum Master, Product Manager","Shared a difficult project, explained challenges & solutions.","I once managed a challenging project where we faced unexpected delays and resource constraints. To tackle these issues, I developed a new timeline, prioritized tasks, and effectively communicated with team members to ensure everyone was aware of the situation. As a result, we successfully completed the project within an extended deadline."
Can you describe a challenging project you have managed and how you reached a successful outcome through problem-solving?,Machine Learning,Hard,Amazon,"Project Management, Problem Solving, Leadership","Project Manager, Software Engineer, Scrum Master, Product Manager",Shared a difficult project and how I overcame obstacles to achieve success.,"I managed a challenging project where we faced unexpected issues. By using effective problem-solving techniques, such as breaking down the problem into smaller parts and finding creative solutions, I was able to lead my team to a successful outcome."
Can you describe a challenging project you have managed and the strategies you employed for successful completion?,Coding,Hard,JP Morgan Chase,"Project Management, Problem Solving, Leadership","Project Manager, Software Engineer, Product Manager, Scrum Master",Shared a difficult project and explained strategies used for success.,"I once managed a challenging project where the deadline was tight, resources were limited, and requirements kept changing. To ensure successful completion, I employed a few key strategies: breaking down tasks into manageable parts, prioritizing critical work, communicating effectively with team members, and being flexible to adapt to changes."
Can you describe a challenging project you have managed and the strategies you used to overcome the challenges?,Behavioral,Hard,Dataplor,"Project Management, Problem Solving, Leadership","Project Manager, Software Engineer, Scrum Master",Shared a difficult project and strategies used to conquer its challenges.,"I once managed a challenging project where we faced unexpected delays. To overcome these, I implemented an agile methodology, breaking the project into smaller tasks, and regularly communicated with the team to ensure everyone was on the same page. This approach helped us meet our deadline despite the initial setbacks."
"Can you describe a challenging project you have managed, discussing the steps you took to overcome the obstacles faced?",Sql,Medium,us bank,"Project Management, Problem Solving, Leadership","Project Manager, Software Engineer, Scrum Master",Shared a tough project and steps taken to conquer challenges.,"I managed a challenging project where we faced numerous obstacles. To overcome these, I first identified the issues, then gathered my team to brainstorm solutions. We prioritized tasks, set clear goals, and worked diligently until we successfully completed the project."
Can you describe a challenging project you have worked on and how did you use your problem-solving skills to overcome it?,Coding,Hard,Google,"Project Management, Problem Solving, Team Collaboration","Software Developer, Project Manager, System Analyst",Shared a difficult project and explained how I solved problems.,"I worked on a challenging project where we faced unexpected issues. To overcome these, I used my problem-solving skills by analyzing the situation, collaborating with my team, and implementing effective solutions. This resulted in successfully completing the project."
Can you describe a challenging project you have worked on and how you used problem-solving skills to overcome those challenges?,Coding,Hard,Centerfield,"Project Management, Problem Solving, Technical Challenges","Software Engineer, Project Manager, Developer, System Analyst",Shared a tough project & problem-solving steps.,"I worked on a complex software update that took longer than expected due to unforeseen issues. I used critical thinking, collaboration, and perseverance to identify the root causes, develop solutions, and ultimately complete the project successfully."
Can you describe a challenging project you have worked on and how you used your problem-solving skills to overcome it?,Coding,Medium,PWC,"Project Management, Problem Solving, Team Collaboration","Software Developer, Project Manager, System Analyst","Described a tough project, shared how I solved problems.","I worked on a difficult project where the deadline was tight and requirements kept changing. To solve this, I organized my team effectively, prioritized tasks, and communicated clearly with stakeholders to ensure we met the deadline and delivered a quality product."
Can you describe a challenging project you implemented using your technical problem-solving skills?,Technical,Hard,gcvghue,"Project Management, Technical Problem Solving, Implementation","Software Developer, Systems Engineer, Project Manager",Told about a tough project I solved using my technical skills.,I can discuss a challenging project where I applied my problem-solving abilities to overcome obstacles during implementation. This demonstrates my ability to manage complex tasks and find effective solutions.
Can you describe a challenging project you led and explain how you resolved problems that arose during its implementation?,Technical,Hard,Tyler technology,"Project Management, Leadership, Problem Solving","Project Manager, Team Lead, Senior Developer",Shared a tough project I led and how challenges were overcome.,"I once led a complex project that faced numerous difficulties. To resolve these issues, I communicated effectively with my team, researched solutions, and made adjustments as needed. In the end, we successfully completed the project."
Can you describe a challenging project you led and explain how your problem-solving skills contributed to its success?,Machine Learning,Hard,Google,"Project Management, Leadership, Problem Solving","Project Manager, Team Lead, Senior Developer","Shared a difficult project I led, highlighting my problem-solving skills.","I once led a challenging project where we faced unexpected issues. By applying critical thinking and effective communication, I was able to find solutions that ultimately led to the project's success."
Can you describe a challenging project you led and how you applied your project management skills to ensure its success?,Coding,Medium,TCS,"Project Management, Leadership, Problem Solving","Project Manager, Senior Software Engineer, Scrum Master",Shared a tough project I led and how I used my PM skills to make it succeed.,"I described a difficult project where I was in charge. I explained the challenges we faced, how I organized tasks, set deadlines, communicated with team members, and monitored progress to ensure our success."
Can you describe a challenging project you led and how you handled difficulties implementing technical solutions?,Coding,Hard,IdeaSoft,"Project Management, Leadership, Technical Problem Solving, Implementation of Technical Solutions","Project Manager, Software Engineer, IT Manager, Tech Lead",Shared a challenging project I led and how I overcame technical difficulties.,"I once managed a complex project where we faced numerous technical challenges. Instead of giving up, I broke down the problems into manageable parts, collaborated with my team, researched solutions, and implemented them step by step until we successfully completed the project."
Can you describe a challenging project you led and how you handled the difficulties that arose?,Technical,Hard,Amazon AWS,"Project Management, Leadership, Problem Solving","Project Manager, Team Lead, Senior Developer",Shared a tough project I led and how I overcame obstacles.,"I once managed a complex project that faced numerous challenges. To handle these difficulties, I communicated effectively with my team, developed contingency plans, and remained adaptable to changes. In the end, we successfully completed the project despite initial setbacks."
Can you describe a challenging project you led and how you managed any obstacles to reach the completion?,Coding,Hard,CVS,"Project Management, Leadership, Problem Solving","Project Manager, Team Lead, Software Engineer, Scrum Master","Led a difficult project, overcame obstacles to reach completion.","I led a challenging project where we faced several hurdles. I managed these challenges by breaking down the project into smaller tasks, communicating effectively with my team, and finding creative solutions to overcome any roadblocks. Ultimately, we successfully completed the project."
Can you describe a challenging project you led and how you overcame any difficulties that arose?,Technical,Hard,Northwestern Mutual,"Project Management, Leadership, Problem Solving","Project Manager, Team Lead, Software Developer, IT Manager",Shared a tough project I led and how I tackled its challenges.,"I once led a challenging project where we faced unexpected issues. To overcome them, I communicated effectively with my team, researched solutions, and adapted our strategy as needed. In the end, we successfully completed the project."
Can you describe a challenging project you led and how you overcame the obstacles to achieve your objectives?,Technical,Hard,AST Llc,"Project Management, Leadership, Problem Solving","Project Manager, Team Lead, Senior Developer",Shared a tough project I led and how I tackled challenges to meet goals.,"This question asks about a difficult project you led, explaining the obstacles you faced and how you overcame them to achieve your objectives. It tests your leadership skills, problem-solving abilities, and project management experience."
Can you describe a challenging project you led and how you used problem-solving skills to overcome obstacles?,Technical,Medium,LJA,"Project Management, Problem Solving, Leadership","Project Manager, Team Lead, Senior Developer, Product Manager",Shared a tough project I led and how I tackled challenges.,"I once managed a complex project where we faced numerous obstacles. To solve these problems, I employed critical thinking, collaboration, and adaptability. For instance, when our initial approach didn't work, I researched alternative methods and implemented them successfully. This experience taught me the importance of being resourceful and persistent in overcoming challenges."
Can you describe a challenging project you led and how you used your project management skills to achieve the goals?,Coding,Hard,Mercury Medical,"Project Management, Leadership, Goal Setting","Project Manager, Senior Developer, Team Lead, Scrum Master",Shared a difficult project I led and how I used my PM skills to reach the goals.,"I led a challenging project where I had to manage resources, timelines, and expectations. To achieve our goals, I broke down tasks into smaller parts, prioritized them, and ensured clear communication with the team. This approach helped us complete the project on time and within budget."
Can you describe a challenging project you led and how you used your technical skills and problem-solving abilities to ensure its success?,Technical,Hard,amazon,"Project Management, Leadership, Technical Skills, Problem Solving","Project Manager, Software Engineer, Team Lead, Senior Developer","Shared a difficult project I led, highlighting my technical skills and problem-solving.","I once managed a challenging project where I had to apply both my leadership abilities and technical skills. To ensure its success, I used my problem-solving capabilities to tackle any obstacles that came up along the way."
Can you describe a challenging project you led and outline the strategies you used to complete it successfully?,Analytical,Medium,Tillman FiberCo,"Project Management, Leadership, Problem Solving","Project Manager, Team Lead, Senior Developer",Described a tough project I led and shared my strategies.,"I discussed a difficult project I managed, explaining the methods I employed to complete it effectively. This included planning, delegation, communication, and problem-solving techniques."
Can you describe a challenging project you led and the problem-solving strategies you used to achieve the desired outcome?,Technical,Hard,EDF Renewables,"Project Management, Leadership, Problem Solving","Project Manager, Team Lead, Senior Developer",Shared details of a tough project I led and how I solved problems to succeed.,"I once managed a challenging project where we faced unexpected technical difficulties. To overcome these obstacles, I used a combination of effective communication, strategic planning, and adaptable problem-solving techniques. By working closely with my team, we were able to identify the root causes of the issues and implement solutions that allowed us to meet our deadline."
Can you describe a challenging project you led and the problem-solving techniques you used for its successful completion?,Coding,Medium,Skillstorm,"Project Management, Leadership, Problem Solving","Project Manager, Team Lead, Software Engineer, Scrum Master","Led a complex project, used creative problem-solving to finish on time.","I led a challenging project where we faced unexpected issues. To solve these problems, I broke down the task into manageable parts, communicated effectively with my team, and implemented innovative solutions. This approach allowed us to complete the project successfully within the deadline."
Can you describe a challenging project you led and the strategic methods you used to achieve its successful outcome?,Behavioral,Hard,JP Morgan,"Project Management, Leadership, Strategic Planning","Project Manager, Team Lead, Senior Developer",Shared details of a tough project I led and how I ensured success.,"When I was leading a challenging project, I used strategic methods like setting clear goals, delegating tasks effectively, and monitoring progress closely. This helped me ensure the successful outcome of the project."
Can you describe a challenging project you led and the strategies you implemented to ensure its success?,System Design,Medium,Ministry of Health,"Project Management, Leadership, Problem Solving","Project Manager, Team Lead, Senior Developer",Described a tough project I led and the tactics used to ensure success.,"I led a challenging project where we faced numerous obstacles. To overcome these, I implemented strategies such as clear communication, setting achievable milestones, and fostering a collaborative team environment. This approach ultimately ensured the project's success."
Can you describe a challenging project you led and the strategies you used for successful execution?,Machine Learning,Hard,AWS,"Project Management, Leadership, Problem Solving","Project Manager, Team Lead, Senior Developer",Shared a difficult project I led and the tactics used for success.,"I once led a challenging project where we had tight deadlines and limited resources. To ensure successful execution, I developed a detailed project plan, assigned tasks based on team members' strengths, and regularly communicated progress to stakeholders."
Can you describe a challenging project you led and the strategies you used to overcome the difficulties?,Product Strategy,Hard,Visier,"Project Management, Leadership, Problem Solving","Project Manager, Team Lead, Software Developer, IT Manager",Shared a tough project I led and the tactics used to conquer obstacles.,"I once faced a difficult project where the team was struggling to meet deadlines. To overcome this, I implemented Agile methodologies, improved communication, and provided additional resources when needed."
Can you describe a challenging project you led and the strategies you used to successfully implement it?,Analytical,Medium,Manchester Airport Group,"Project Management, Leadership, Problem Solving","Project Manager, Team Lead, Senior Developer",Described a tough project I led and how we overcame challenges.,"I led a challenging project where the team faced many obstacles. To successfully implement it, I used effective communication, problem-solving skills, and strong leadership to guide my team through each step. We worked collaboratively to find solutions, kept our goals in sight, and ultimately delivered the project on time."
Can you describe a challenging project you led from conception to execution and how you managed hurdles in-between?,Coding,Hard,JP Morgan Chase,"Project Management, Leadership, Problem Solving","Project Manager, Team Lead, Software Developer, Product Manager","Shared a difficult project I led, overcoming obstacles along the way.",I described a challenging project I managed from start to finish. I explained how I faced problems during the process and shared what strategies I used to overcome them.
"Can you describe a challenging project you led, and outline the problem-solving strategies you implemented?",Behavioral,Medium,Magellanhealth,"Project Management, Leadership, Problem Solving","Project Manager, Team Lead, Senior Developer","Shared a tough project I led, explained solutions used.","I'll talk about a challenging project I managed, explain the difficulties we faced, and describe the strategies I employed to overcome those challenges."
"Can you describe a challenging project you led, detailing your problem-solving strategies and the final outcome?",Machine Learning,Hard,zomato,"Project Management, Leadership, Problem Solving, Technical Project Execution","Project Manager, Senior Developer, Team Lead, Software Engineer","Shared a tough project I led, explained strategies used, and shared the outcome.","I was in charge of a difficult project where we faced numerous challenges. To solve these problems, I implemented a systematic approach, breaking down tasks, setting clear goals, and communicating effectively with my team. In the end, we successfully completed the project, delivering a high-quality solution."
"Can you describe a challenging project you led, emphasizing how you managed your team to meet the deadlines?",Technical,Medium,Shell Recharge Solutions,"Project Management, Team Leadership, Deadline Management","Project Manager, Team Leader, Software Engineer, Scrum Master","Led a tough project, met deadlines with teamwork.","I led a challenging project where I had to manage my team effectively to meet strict deadlines. I broke down the tasks, assigned roles based on team members' strengths, and ensured regular communication and collaboration. We faced obstacles along the way, but through problem-solving and adaptability, we were able to deliver the project successfully."
"Can you describe a challenging project you led, outlining your problem-solving and communication skills used?",Product Design,Hard,pwc.com,"Project Management, Problem Solving, Communication","Project Manager, Senior Developer, Team Lead, Software Engineer","Described a tough project I led, highlighting my problem-solving and communication skills.","I discussed a challenging project where I managed the team, solved problems that came up, and effectively communicated with everyone involved. This question helps potential employers understand my leadership and problem-solving abilities in IT projects."
"Can you describe a challenging project you led, the problems you encountered, and how you solved them?",System Design,Hard,NW Natural,"Project Management, Leadership, Problem Solving","Project Manager, Team Lead, Senior Developer",Shared a tough project I led and how I overcame its challenges.,"I once managed a complex project that faced difficulties such as tight deadlines, limited resources, and unexpected issues. To tackle these problems, I prioritized tasks, delegated work effectively, and communicated regularly with the team. By staying adaptable and persistent, we were able to complete the project successfully."
Can you describe a challenging project you managed and articulate how you used problem-solving skills to ensure its success?,Technical,Hard,Defense Counterintelligence and Security Agency,"Project Management, Problem Solving","Project Manager, Software Engineer, Product Manager","Managed a difficult project, using problem-solving skills to ensure its success.","I managed a challenging project where we faced unexpected issues. To solve these problems, I applied critical thinking, collaboration, and effective communication. This approach allowed us to overcome obstacles and ultimately achieve the project's goals."
Can you describe a challenging project you managed and articulate how you utilized your problem-solving skills to ensure its success?,Coding,Hard,American Express,"Project Management, Problem Solving","Project Manager, Software Engineer, Product Manager, Scrum Master",Shared a difficult project I managed and explained how I solved problems to achieve success.,"In this question, the interviewer wants to understand your ability to manage projects effectively and use problem-solving skills when faced with challenges. To answer, describe a specific project you led that was challenging, explain what issues arose during its execution, and detail how you identified solutions to overcome these obstacles, ultimately leading to the project's success."
Can you describe a challenging project you managed and detail how you applied problem-solving skills to ensure its success?,Product Strategy,Hard,Capital One,"Project Management, Problem Solving, Leadership","Project Manager, Senior Developer, Software Engineer, Scrum Master",Shared details of a tough project and how I solved problems to ensure success.,"I managed a challenging project where we faced unexpected issues. To solve these problems, I applied critical thinking, collaborated with my team, and implemented effective strategies. This led to the successful completion of the project."
Can you describe a challenging project you managed and detail how you used problem-solving skills to achieve a successful result?,Technical,Hard,TikTok,"Project Management, Problem Solving","Software Engineer, Project Manager, Scrum Master",Shared a difficult project and how I solved problems to succeed,"I managed a complex software development project that faced numerous challenges. By applying problem-solving skills such as breaking down tasks, prioritizing, and collaborating with team members, we were able to overcome obstacles and deliver the project on time and within budget."
Can you describe a challenging project you managed and detail the problem-solving strategies you utilized to ensure its success?,Behavioral,Hard,FGV Holdings,"Project Management, Problem Solving, Leadership","Project Manager, Software Engineer, Scrum Master, Product Manager",Shared details of a tough project and how I overcame its challenges.,"I managed a challenging project where the team was struggling to meet deadlines. To ensure success, I implemented an agile methodology, broke down tasks into smaller manageable pieces, and consistently communicated with stakeholders about progress."
Can you describe a challenging project you managed and detail the problem-solving techniques you used to overcome any obstacles?,Machine Learning,Hard,AWS,"Project Management, Problem Solving, Leadership","Project Manager, Software Engineer, Scrum Master, Product Manager",Shared a challenging project I managed and how I tackled its problems.,"I described a difficult project I led, explained the issues we faced, and detailed the techniques I used to solve those problems. This demonstrates my ability to manage projects effectively and think critically to overcome obstacles."
Can you describe a challenging project you managed and detail the strategies you used to ensure its successful completion?,Analytical,Hard,Los Alamos National Laboratory,"Project Management, Problem Solving, Leadership","Project Manager, Software Engineer, Scrum Master, Product Manager","Described a tough project, shared strategies for success.","I managed a challenging project by breaking it down into smaller tasks, setting clear goals, and regularly communicating with the team. I also prioritized resources effectively and adapted to changes as necessary to ensure successful completion."
Can you describe a challenging project you managed and detail your problem-solving process for overcoming significant hurdles?,Technical,Hard,Marsh McLennan,"Project Management, Problem Solving, Leadership","Project Manager, Software Engineer, Scrum Master, Product Manager",Shared a tough project & explained how I tackled obstacles.,"I described a difficult project I managed, explained the issues we faced, and detailed my process for finding solutions. This demonstrates my ability to lead teams, solve complex problems, and manage projects effectively."
Can you describe a challenging project you managed and elaborate on the problem-solving strategies you implemented?,Analytical,Hard,Wipro,"Project Management, Problem Solving, Leadership","Project Manager, Software Engineer, Scrum Master, Product Manager",Described a tough project and shared my problem-solving methods.,"I managed a challenging project where we faced unexpected issues. To solve these problems, I implemented strategies such as breaking down tasks into smaller parts, prioritizing critical tasks, and effectively communicating with the team to ensure everyone was on the same page."
Can you describe a challenging project you managed and explain how you delegated responsibilities among your team?,System Design,Medium,RM PLC UK,"Project Management, Team Collaboration, Delegation of Responsibilities","Project Manager, Team Lead, Scrum Master",Shared a tough project I managed and explained how I delegated tasks.,"I managed a challenging project where I had to divide responsibilities among my team. To ensure everyone was productive, I assigned tasks based on their skills and interests, communicated clearly about expectations, and provided support when needed."
Can you describe a challenging project you managed and explain how you facilitated the problem-solving process?,System Design,Hard,Amazon,"Project Management, Problem Solving, Leadership","Project Manager, Team Lead, Scrum Master, Senior Developer",Shared a difficult project I managed and explained my problem-solving approach.,"I described a tough project I led, then detailed the steps I took to facilitate the problem-solving process. This included setting clear goals, encouraging open communication, and fostering collaboration among team members."
Can you describe a challenging project you managed and explain how you handled the difficulties encountered?,Coding,Medium,Mouser Electronics,"Project Management, Problem Solving","Software Engineer, Project Manager, Scrum Master, Product Manager",Shared a tough project and how I overcame its challenges.,"I managed a challenging project where we faced delays and budget issues. To tackle these difficulties, I prioritized tasks, communicated effectively with the team, and found creative solutions to stay within budget. As a result, we successfully delivered the project on time."
Can you describe a challenging project you managed and explain how you handled the difficulties that arose?,Analytical,Medium,general interview,"Project Management, Problem Solving","Software Engineer, Project Manager, Scrum Master",Shared a tough project and explained my approach to overcome obstacles.,"I managed a challenging project where issues arose frequently. To handle these difficulties, I prioritized tasks, communicated effectively with the team, and remained adaptable, ultimately leading to successful completion of the project."
Can you describe a challenging project you managed and explain how you implemented effective problem-solving strategies?,Analytical,Medium,SHOGUN,"Project Management, Problem Solving","Project Manager, Software Engineer, Scrum Master, Product Manager",Shared a difficult project I led and explained my problem-solving techniques.,"I managed a challenging software development project where the team faced unexpected issues. To solve these problems, I used a systematic approach: first identifying the root cause, then brainstorming solutions with the team, and finally implementing the best solution while keeping everyone informed and motivated."
Can you describe a challenging project you managed and explain how you navigated the obstacles to successfully complete it?,Analytical,Hard,Jeffries,"Project Management, Problem Solving","Project Manager, Software Engineer, Scrum Master, Product Manager",Shared a difficult project and how I overcame its challenges to succeed.,"I managed a challenging project where we faced unexpected issues. To navigate these obstacles, I broke the project into smaller tasks, communicated effectively with my team, and remained flexible in our approach. This allowed us to find solutions and ultimately complete the project successfully."
Can you describe a challenging project you managed and explain how you navigated through the difficulties?,Analytical,Hard,"Mchkinsey, Bain, BCG","Project Management, Problem Solving","Project Manager, Software Engineer, Scrum Master, Product Manager",Shared a tough project I led and how I overcame obstacles.,"I managed a challenging project where the team faced technical difficulties. To navigate through these challenges, I communicated effectively with my team, researched solutions, and adjusted our approach as needed until we successfully completed the project."
Can you describe a challenging project you managed and explain how you overcame the difficulties encountered?,System Design,Hard,regal-cloud,"Project Management, Problem Solving","Project Manager, Software Engineer, Scrum Master","Managed a complex project, overcame obstacles to deliver on time.","I was tasked with managing a challenging project that had multiple dependencies and tight deadlines. I faced difficulties such as team conflicts, resource shortages, and technical issues. To overcome these challenges, I implemented effective communication strategies, prioritized tasks based on their impact, allocated resources efficiently, and sought help when needed. As a result, the project was successfully delivered on time."
Can you describe a challenging project you managed and explain how you overcame the obstacles you faced?,Technical,Hard,GOOGLE,"Project Management, Problem Solving, Leadership","Project Manager, Software Engineer, Scrum Master, Product Manager",Shared a difficult project and explained how I overcame its challenges.,"I once managed a challenging project where we faced unexpected issues. To overcome these obstacles, I collaborated with my team, researched solutions, and implemented new strategies. This allowed us to successfully complete the project despite the initial difficulties."
Can you describe a challenging project you managed and explain how you resolved any difficulties or problems?,Analytical,Medium,goverment job,"Project Management, Problem Solving, Leadership","Software Engineer, Project Manager, Scrum Master","Managed a difficult project, overcame obstacles, and delivered successfully.","I once led a challenging software development project where we faced unexpected issues. To resolve these difficulties, I communicated effectively with the team, re-prioritized tasks, and implemented innovative solutions. As a result, we were able to deliver the project on time and within budget."
Can you describe a challenging project you managed and explain how you used critical problem-solving skills to overcome these challenges?,Technical,Medium,CS,"Project Management, Critical Thinking, Problem Solving","Software Engineer, Project Manager, Scrum Master, Development Team Lead",Shared a tough project and explained how I solved its problems.,"I managed a challenging project where we faced unexpected issues. To overcome these, I applied critical thinking skills, identified the root causes, brainstormed solutions with my team, and implemented the best one. This resulted in a successful project completion."
Can you describe a challenging project you managed and explain how you used problem-solving skills to overcome obstacles?,Behavioral,Medium,Search + Gather,"Project Management, Problem Solving","Software Engineer, Project Manager, Scrum Master, Product Manager","Managed a complex project, using problem-solving skills to tackle challenges.","In this scenario, I was responsible for a difficult project where many obstacles came up. To overcome these hurdles, I applied my problem-solving abilities by breaking down the issues, analyzing their root causes, and implementing effective solutions. This approach allowed me to successfully complete the project."
Can you describe a challenging project you managed and explain how you used your problem-solving skills to address it?,Machine Learning,Hard,Apple,"Project Management, Problem Solving, Leadership","Project Manager, Software Engineer, Scrum Master, Product Manager",Shared a tough project I led and how I used my problem-solving skills to overcome it.,"In this scenario, I'll discuss a difficult project I managed in the past. I'll explain the challenges I faced, the solutions I came up with, and ultimately, how I successfully completed the project."
Can you describe a challenging project you managed and explain how you used your problem-solving skills to overcome difficulties?,Analytical,Medium,micro1,"Project Management, Problem Solving","Software Engineer, Project Manager, Scrum Master",Shared a tough project and how I solved problems along the way,"I managed a challenging software development project where we faced unexpected issues. To overcome these difficulties, I applied my problem-solving skills by breaking down complex tasks into smaller, manageable parts, communicating effectively with team members, and seeking advice from experts when needed."
Can you describe a challenging project you managed and explain how you used your problem-solving skills to overcome obstacles?,Technical,Medium,Guidehouse,"Project Management, Problem Solving, Leadership","Project Manager, Software Engineer, Scrum Master, Product Manager",Shares a project challenge and problem-solving approach.,"Tells about a difficult project I managed, explaining how I utilized my critical thinking skills to conquer hurdles. For instance, when the database integration failed during a software development project, I researched alternative solutions, consulted experts, and implemented a workaround that allowed us to meet our deadline."
Can you describe a challenging project you managed and explain how you utilized problem-solving skills to overcome the difficulties?,Behavioral,Hard,PowerCo SE,"Project Management, Problem Solving","Software Engineer, Project Manager, Scrum Master",Shared a tough project and explained how I solved its challenges.,"I managed a complex software development project that faced numerous difficulties. To overcome these obstacles, I applied problem-solving skills such as breaking down tasks into smaller manageable parts, collaborating with team members, and utilizing effective communication strategies to ensure everyone was on the same page. As a result, we successfully completed the project within the given timeline."
Can you describe a challenging project you managed and explain how you utilized your problem-solving skills to achieve success?,Coding,Medium,FirstDay Foundation,"Project Management, Problem Solving","Software Engineer, Project Manager, Scrum Master, Product Manager","Managed a difficult project, using problem-solving skills to achieve success.","I once led a challenging project where we faced numerous obstacles. To overcome these challenges, I applied my problem-solving abilities by breaking down the issues into smaller, manageable tasks. This approach allowed us to tackle each issue systematically and eventually complete the project successfully."
Can you describe a challenging project you managed and explain how you utilized your problem-solving skills to achieve the objectives?,Technical,Hard,Department of Behavioral Health and Developmental Services,"Project Management, Problem Solving","Software Engineer, Project Manager, Scrum Master","Managed a complex project, using problem-solving skills to meet goals.","I managed a challenging software development project where I faced unexpected issues. To tackle these problems, I applied my critical thinking and creativity, ultimately leading the team to successfully achieve our objectives."
Can you describe a challenging project you managed and explain how you utilized your problem-solving skills to overcome obstacles?,Analytical,Medium,Calgary Police Service,"Project Management, Problem Solving","Software Engineer, Project Manager, Scrum Master, Product Manager",Shared a tough project I led and how I used smart thinking to conquer hurdles.,"I managed a complex software development project where we faced numerous challenges. To tackle these obstacles, I applied my problem-solving skills by breaking down the issues into smaller parts, analyzing each piece, and finding effective solutions. This approach helped us overcome the difficulties and successfully complete the project."
Can you describe a challenging project you managed and explain how your problem-solving skills contributed to its success?,Technical,Medium,https://www.intuceo.com/,"Project Management, Problem Solving","Software Engineer, Project Manager, Scrum Master","Managed a complex project, using effective problem-solving skills to ensure its success.","I managed a challenging project where I faced numerous issues. By applying my problem-solving skills, I was able to overcome obstacles, make informed decisions, and ultimately lead the project to success."
Can you describe a challenging project you managed and explain how your problem-solving skills led to its successful completion?,Analytical,Hard,Meta,"Project Management, Problem Solving","Software Engineer, Project Manager, Scrum Master","Managed a complex project, using strong problem-solving skills to ensure its success.","I was in charge of a difficult project where things didn't go as planned. I applied my problem-solving abilities by identifying issues, brainstorming solutions, and implementing changes that ultimately led to the successful completion of the project."
Can you describe a challenging project you managed and explain the problem-solving strategies you used to lead it successfully?,Machine Learning,Hard,Amazon,"Project Management, Problem Solving, Leadership","Project Manager, Senior Developer, Team Lead, Software Engineer",Shared a difficult project I led and how I solved its challenges.,"I managed a challenging project where the team faced technical difficulties. To overcome these obstacles, I implemented a step-by-step problem-solving approach, breaking down tasks into manageable parts, communicating clearly with my team, and staying flexible to adapt as needed. Ultimately, we successfully completed the project."
Can you describe a challenging project you managed and explain the problem-solving strategies you utilized?,System Design,Medium,paypal,"Project Management, Problem Solving","Software Engineer, Project Manager, Scrum Master",Managed a complex project with innovative strategies.,"I once led a challenging software development project where the team faced difficulties due to tight deadlines and unclear requirements. To tackle these issues, I adopted an Agile methodology, breaking down tasks into smaller manageable pieces, prioritizing them based on their importance, and regularly communicating with stakeholders for feedback. This approach helped us deliver the project on time and within budget while ensuring high-quality results."
Can you describe a challenging project you managed and explain the problem-solving techniques you used to overcome obstacles?,Analytical,Medium,"Nike, Inc.","Project Management, Problem Solving Techniques","Software Engineer, Project Manager, Scrum Master, Product Manager",Explain a tough project and how I solved its challenges.,"I managed a difficult project where we faced many obstacles. To overcome these, I used critical thinking, collaboration, and effective communication. For instance, when our database was slowing down the application, I worked with the team to optimize the queries and eventually increased the performance by 30%. This experience taught me the importance of adaptability and resilience in project management."
Can you describe a challenging project you managed and explain the strategies you used to successfully complete it?,Technical,Hard,Australian Government - Department of Defence,"Project Management, Problem Solving, Leadership","Project Manager, Software Engineer, Scrum Master, Product Manager","Managed a difficult project, used effective strategies to finish on time.","I managed a challenging project by breaking it down into smaller tasks, setting clear goals, and regularly communicating with the team. I also prioritized tasks based on their urgency and importance, and adjusted our approach as needed when obstacles arose."
Can you describe a challenging project you managed and explain your problem-solving process to deliver it successfully?,Machine Learning,Hard,Capital One,"Project Management, Problem Solving, Leadership","Project Manager, Software Engineer, Product Manager",Shared a tough project and how I solved it successfully.,"I managed a challenging project where the team faced technical difficulties. To solve this, I broke down the problem into smaller tasks, prioritized them, and worked closely with my team to overcome each obstacle one by one. In the end, we delivered the project on time and within budget."
Can you describe a challenging project you managed and highlight the strategy you used to ensure its successful completion?,System Design,Hard,Moffit cancer center,"Project Management, Leadership, Problem Solving","Project Manager, Senior Developer, Team Lead",Managed a difficult project using clear communication and a detailed plan.,"To describe a challenging project, I would talk about a time when I had to manage a complex project with tight deadlines and multiple stakeholders. To ensure its successful completion, I developed a comprehensive plan, communicated effectively with my team, and adjusted the plan as needed based on feedback and changing circumstances."
Can you describe a challenging project you managed and how did you handle the difficulties encountered?,Coding,Hard,amazon,"Project Management, Problem Solving","Project Manager, Software Engineer, Scrum Master",Shared a tough project and steps taken to overcome its challenges.,"I managed a challenging project where we faced unexpected issues. I addressed these difficulties by communicating effectively with my team, breaking down tasks into manageable parts, and finding creative solutions to problems as they arose."
Can you describe a challenging project you managed and how you addressed the difficulties encountered?,Technical,Medium,IHeartMedia,"Project Management, Problem Solving","Project Manager, Software Engineer, Scrum Master, Product Manager",Shared a tough project & solutions I used.,"I managed a challenging project where we faced difficulties such as tight deadlines and limited resources. To address these issues, I prioritized tasks, delegated responsibilities effectively, and communicated clearly with the team. We eventually delivered the project on time and within budget."
Can you describe a challenging project you managed and how you applied problem-solving skills to ensure its success?,Coding,Hard,Google,"Project Management, Problem Solving","Software Engineer, Project Manager, Scrum Master, Product Manager","Managed a difficult project, solved problems for success.","I managed a challenging project where I faced unexpected issues. To ensure its success, I applied problem-solving skills by analyzing the situation, brainstorming solutions, and implementing the best one. This approach helped me overcome obstacles and deliver the project on time."
Can you describe a challenging project you managed and how you applied problem-solving skills to overcome the obstacles?,Technical,Hard,State Street,"Project Management, Problem Solving","Software Engineer, Project Manager, Scrum Master, Product Manager",Shared a tough project and how I solved its problems.,"I managed a challenging project where we faced unexpected issues. To overcome these obstacles, I applied problem-solving skills such as breaking down the problem into smaller parts, analyzing each part thoroughly, brainstorming solutions with my team, and implementing the best solution step by step."
Can you describe a challenging project you managed and how you applied your problem-solving skills to ensure its success?,Technical,Medium,Persistent,"Project Management, Problem Solving, Leadership","Project Manager, Software Engineer, Scrum Master, Product Manager",Shared success story of a tough project and my problem-solving skills.,"I managed a challenging project where I faced unexpected issues. By applying critical thinking, collaboration, and adaptability, I was able to find solutions that led to the project's successful completion."
Can you describe a challenging project you managed and how you applied your problem-solving skills to successfully complete it?,Behavioral,Hard,OC&C Strategy Consultants,"Project Management, Problem Solving, Leadership","Project Manager, Software Engineer, Scrum Master, Product Manager",Shared a tough project & explained how I solved problems to finish it well.,"I managed a challenging project where I faced unexpected issues. To solve these, I applied my problem-solving skills, worked with the team, and found innovative solutions. In the end, we successfully completed the project."
Can you describe a challenging project you managed and how you applied your project management skills to successfully complete it?,Sql,Hard,Technical resources International,"Project Management, Leadership, Problem Solving","Project Manager, Senior Software Developer, Scrum Master","Managed a difficult project, using my skills to finish on time.","I managed a challenging project by breaking it down into smaller tasks, setting clear goals, and regularly monitoring progress. When problems arose, I used critical thinking and problem-solving skills to find solutions. This approach helped me successfully complete the project within the given deadline."
Can you describe a challenging project you managed and how you ensured its successful completion?,Coding,Hard,Proxiad,"Project Management, Problem Solving, Team Leadership","Project Manager, Software Engineer, Product Manager, Scrum Master","Managed a complex project, ensuring its timely completion.","I led a team to complete a challenging project by breaking it down into manageable tasks, setting clear goals, and monitoring progress. When obstacles arose, I adapted our approach and rallied the team to find solutions."
Can you describe a challenging project you managed and how you handled the difficulties you encountered?,Machine Learning,Hard,Solventum,"Project Management, Problem Solving, Leadership","Software Engineer, Project Manager, Scrum Master",Shared a tough project and how I overcame obstacles.,"I managed a challenging project where the team faced unexpected issues. To handle these difficulties, I communicated effectively with my team, researched solutions, and implemented changes to improve our progress. In the end, we successfully delivered the project despite the initial challenges."
Can you describe a challenging project you managed and how you implemented problem-solving strategies to ensure its success?,Technical,Hard,Blue Origin,"Project Management, Problem Solving, Leadership","Project Manager, Software Engineer, Scrum Master, Product Manager",Shared a tough project I led and how I tackled problems to ensure its success.,"I managed a challenging project where we faced unexpected issues. To solve these problems, I used a combination of effective communication, resource allocation, and adaptability. This approach helped us overcome obstacles and ultimately deliver the project successfully."
Can you describe a challenging project you managed and how you implemented problem-solving strategies to overcome obstacles?,Technical,Hard,Goldman Sachs,"Project Management, Problem Solving, Leadership","Project Manager, Software Developer, Scrum Master, Team Lead",Shared a complex project I led and how I tackled problems.,"I managed a challenging project where we faced unexpected issues. To solve these, I used critical thinking, collaboration, and adaptability. For instance, when our database wasn't scaling as planned, I organized meetings with the team to brainstorm solutions. We eventually decided to switch to a different database system that better suited our needs. This change significantly improved project performance."
Can you describe a challenging project you managed and how you navigated its difficulties to achieve the desired results?,Coding,Hard,PWC,"Project Management, Problem Solving, Leadership","Project Manager, Software Engineer, Scrum Master, Product Manager",Shared a tough project & how I overcame its challenges to meet goals.,"I managed a challenging project where we faced unexpected delays and technical issues. To navigate these difficulties, I communicated effectively with my team, prioritized tasks based on urgency, and found creative solutions to technical problems. In the end, we successfully delivered the project on time and within budget."
Can you describe a challenging project you managed and how you navigated team conflict to ensure its successful completion?,Technical,Hard,texas instruments,"Project Management, Team Collaboration, Conflict Resolution","Project Manager, Scrum Master, Team Lead, Software Engineer","Shared a difficult project, resolved team conflicts, and completed it successfully.","I managed a challenging project where team members had disagreements. I listened to everyone's concerns, facilitated open communication, and helped the team find solutions that worked for all parties. In the end, we were able to complete the project successfully."
Can you describe a challenging project you managed and how you navigated the hurdles to successful completion?,Technical,Hard,MUFG-LTC,"Project Management, Problem Solving, Leadership","Project Manager, Software Engineer, Product Manager",Shared a difficult project and how I overcame obstacles to finish it well.,"I managed a challenging project where we faced unexpected delays and resource constraints. To navigate these hurdles, I prioritized tasks, communicated effectively with the team, and found creative solutions to overcome the challenges. Ultimately, we successfully completed the project on time and within budget."
Can you describe a challenging project you managed and how you navigated through it to achieve successful results?,Technical,Hard,Clark County Water Reclamation District,"Project Management, Problem Solving, Leadership","Project Manager, Team Lead, Software Engineer, Product Manager","Managed a difficult project, overcame obstacles, achieved success.","I was responsible for managing a challenging project where we faced unexpected issues. I worked closely with my team to develop solutions, communicated effectively with stakeholders, and ultimately led the project to a successful completion."
Can you describe a challenging project you managed and how you overcame the difficulties faced?,Machine Learning,Medium,ICE (intercontinental Exchange),"Project Management, Problem Solving, Leadership","Project Manager, Software Engineer, Scrum Master, Product Manager",Shared a tough project & explained solutions found.,"I once managed a challenging project where we faced unexpected delays and technical issues. To overcome these difficulties, I communicated effectively with the team, prioritized tasks, and implemented innovative problem-solving strategies. As a result, we successfully completed the project within the revised timeline."
Can you describe a challenging project you managed and how you successfully completed it?,Technical,Hard,Growlonix,"Project Management, Problem Solving, Leadership","Project Manager, Software Engineer, Scrum Master, Team Lead",Managed a difficult project and completed it successfully.,"I was in charge of a challenging project where things didn't go as planned. I worked closely with my team, identified the issues, came up with solutions, and ensured that we stayed on track to meet our deadline. In the end, we delivered a high-quality product."
Can you describe a challenging project you managed and how you successfully guided it to completion?,System Design,Hard,Optum Serve,"Project Management, Leadership, Problem Solving","Project Manager, Team Lead, Software Engineer, Scrum Master","Managed a difficult project, led the team to success.","I managed a challenging project where we faced unexpected obstacles. I guided my team through these challenges by communicating effectively, finding creative solutions, and ensuring everyone understood their roles. In the end, we successfully completed the project on time and within budget."
Can you describe a challenging project you managed and how you successfully navigated the obstacles you encountered?,Technical,Medium,ResMed,"Project Management, Problem Solving, Leadership","Project Manager, Software Engineer, Scrum Master, Product Manager",Shared a difficult project I led and how I overcame its challenges.,"I managed a challenging project where we faced unexpected delays and technical issues. To navigate these obstacles, I communicated effectively with my team, prioritized tasks, and found creative solutions to overcome the difficulties. In the end, we successfully delivered the project on time."
Can you describe a challenging project you managed and how you successfully navigated the problems you encountered?,Technical,Medium,Venture Global LNG,"Project Management, Problem Solving, Leadership","Project Manager, Software Engineer, Scrum Master, Product Manager",Shared a difficult project and how I overcame its challenges.,"I managed a challenging project where we faced unexpected issues. Instead of giving up, I worked closely with my team to identify the problems, brainstorm solutions, and implement changes that led us to success."
Can you describe a challenging project you managed and how you ultimately achieved its successful completion?,System Design,Hard,ID Me,"Project Management, Problem Solving, Leadership","Project Manager, Software Engineer, Team Lead, Product Manager","Managed a difficult project, overcame obstacles, and completed it successfully.","I was responsible for managing a challenging project where we faced numerous issues. To ensure its successful completion, I developed a clear plan, communicated effectively with my team, and made adjustments as needed to address any problems that arose. In the end, we were able to deliver the project on time and within budget."
Can you describe a challenging project you managed and how you used problem-solving skills to achieve success?,Behavioral,Hard,Achievement First,"Project Management, Problem Solving","Software Engineer, Project Manager, Scrum Master","Managed a difficult project, used problem-solving skills to succeed.","I once managed a challenging project where I faced numerous obstacles. To overcome these challenges, I employed my problem-solving skills by breaking down the project into smaller tasks, prioritizing them, and finding creative solutions for each issue that arose. This approach allowed me to successfully complete the project."
Can you describe a challenging project you managed and how you used problem-solving skills to achieve the objectives?,Analytical,Hard,"Mchkinsey, Bain, BCG","Project Management, Problem Solving","Project Manager, Software Engineer, Product Manager",Shared a difficult project and how I solved problems to meet goals.,"I managed a challenging project where we faced unexpected issues. To tackle these, I applied problem-solving skills such as analyzing the situation, brainstorming solutions with my team, and implementing the best approach. This helped us achieve our objectives successfully."
Can you describe a challenging project you managed and how you used problem-solving skills to achieve the results?,Product Strategy,Hard,Capital One,"Project Management, Problem Solving","Software Engineer, Project Manager, Scrum Master, Product Manager",Shared a tough project I managed and how I solved problems to reach success.,"I once led a challenging project where we faced unexpected issues. To solve these, I broke down the problem into smaller parts, brainstormed solutions with my team, and implemented the best one. This approach helped us complete the project successfully."
Can you describe a challenging project you managed and how you used problem-solving skills to address issues?,Analytical,Hard,Total Wine & More,"Project Management, Problem Solving","Project Manager, Software Engineer, Scrum Master, Product Manager",Shared a difficult project and how I solved problems,"I managed a challenging project where we faced unexpected issues. To address these, I applied problem-solving skills such as analyzing the situation, brainstorming solutions with my team, and implementing the best solution to resolve the issue."
Can you describe a challenging project you managed and how you used problem-solving skills to complete it?,Technical,Hard,EDF Renewables,"Project Management, Problem Solving","Software Engineer, Project Manager, Scrum Master",Shared a difficult project and how I solved problems to finish it.,"I managed a challenging project where we faced unexpected issues. To solve these problems, I applied critical thinking, collaboration, and effective communication, ultimately leading the team to successfully complete the project."
Can you describe a challenging project you managed and how you used problem-solving skills to deliver it successfully?,Technical,Hard,Harbourvest,"Project Management, Problem Solving, Leadership","Project Manager, Software Engineer, Product Manager, Scrum Master","Managed a difficult project, used problem-solving skills to deliver it on time.","I managed a challenging project where I encountered unexpected issues. To overcome these obstacles, I applied my problem-solving skills by analyzing the situation, brainstorming solutions, and implementing the best one. This approach allowed me to successfully complete the project within the given timeline."
Can you describe a challenging project you managed and how you used problem-solving skills to overcome obstacles?,Coding,Medium,Quadrant Technologies,"Project Management, Problem Solving","Software Engineer, Project Manager, Scrum Master, Product Manager",Shared a tough project and how I solved problems along the way,"I managed a challenging project where we faced unexpected issues. To overcome these obstacles, I applied problem-solving skills such as breaking down tasks into smaller parts, brainstorming solutions with my team, and continuously monitoring progress to ensure we stayed on track. This approach helped us successfully complete the project."
Can you describe a challenging project you managed and how you used problem-solving skills to successfully complete it?,Technical,Medium,ARM,"Project Management, Problem Solving","Software Engineer, Project Manager, Scrum Master","Managed a difficult project, using problem-solving skills to complete it successfully.","In this scenario, I was responsible for overseeing a challenging project. Despite various obstacles, I applied my problem-solving abilities to find creative solutions and ultimately led the team to a successful completion of the project."
Can you describe a challenging project you managed and how you used strategic problem-solving to achieve your objectives?,Technical,Medium,Justice Digital,"Project Management, Strategic Problem Solving","Project Manager, Software Engineer, Product Manager, Scrum Master",Shared a tough project & explained strategic solutions used.,"I managed a challenging project where the team faced numerous obstacles. To overcome these, I employed strategic problem-solving techniques such as breaking down complex tasks into manageable parts, prioritizing critical issues, and collaborating with team members to find innovative solutions. This approach allowed us to achieve our objectives successfully."
Can you describe a challenging project you managed and how you used your leadership skills to ensure its successful completion?,Coding,Hard,Starbucks,"Project Management, Leadership, Problem Solving","Project Manager, Team Leader, Senior Developer",Shared a tough project & explained how I led it to success.,"I described a difficult project I managed, and discussed the leadership skills I used to ensure its completion. This included setting clear goals, delegating tasks effectively, and finding creative solutions when faced with challenges."
Can you describe a challenging project you managed and how you used your problem-solving skills to achieve success?,System Design,Hard,charles schwab,"Project Management, Problem Solving","Project Manager, Software Engineer, Product Manager","Managed a difficult project, solved problems, achieved success.","I managed a challenging project where I encountered several issues. To solve these problems, I applied my critical thinking and decision-making skills to find effective solutions. Ultimately, I led the team to complete the project successfully."
Can you describe a challenging project you managed and how you used your problem-solving skills to achieve the goals?,Machine Learning,Hard,Amazon,"Project Management, Problem Solving","Software Engineer, Project Manager, Scrum Master","Managed a complex project, using my skills to meet goals.","I managed a challenging project where I had to solve various problems that came up. For example, when the team was struggling with a critical part of the project, I facilitated communication and brainstorming sessions to find solutions. This helped us to overcome obstacles and ultimately achieve our goals."
Can you describe a challenging project you managed and how you used your problem-solving skills to overcome difficulties?,System Design,Hard,Amazon,"Project Management, Problem Solving","Software Engineer, Project Manager, Scrum Master, Product Manager","Managed a complex project, using creativity and teamwork to solve problems.","I managed a challenging project where we faced many difficulties. To overcome these challenges, I used my problem-solving skills by breaking down the issues into smaller parts, brainstorming solutions with my team, and implementing changes that improved our workflow. This approach helped us to successfully complete the project."
Can you describe a challenging project you managed and how you used your problem-solving skills to overcome obstacles?,Analytical,Hard,Deloitte,"Project Management, Problem Solving","Software Engineer, Project Manager, Scrum Master","Managed a complex project, using creativity and resourcefulness to solve problems.","I once led a challenging project where we faced numerous obstacles. To overcome these, I applied my problem-solving skills by breaking down the issues into manageable parts, brainstorming solutions with my team, and implementing effective strategies. This approach not only helped us complete the project successfully but also improved our collaboration and productivity."
Can you describe a challenging project you managed and how you used your problem-solving skills to overcome the obstacles?,System Design,Hard,DecisionPoint,"Project Management, Problem Solving","Project Manager, Software Developer, IT Manager",Shared a difficult project and how I solved its problems,"I managed a challenging project where we faced unexpected issues. To overcome these obstacles, I applied my problem-solving skills by analyzing the situation, brainstorming solutions with my team, and implementing effective strategies to resolve the issues."
Can you describe a challenging project you managed and how you used your problem-solving skills to succeed?,System Design,Hard,google,"Project Management, Problem Solving","Project Manager, Software Engineer, Product Manager","Shared a tough project, used my skills to win!","I managed a challenging project where I faced unexpected issues. To solve these problems, I employed critical thinking, collaboration, and effective communication. By staying focused on the goal and adapting to changes, we successfully completed the project."
Can you describe a challenging project you managed and how you used your problem-solving skills to successfully complete it?,Technical,Hard,TCH,"Project Management, Problem Solving","Software Engineer, Project Manager, Scrum Master, Product Manager","Managed a difficult project, solved problems, and completed it successfully.","In this question, the interviewer wants to know about your experience in managing challenging projects. They are interested in how you apply problem-solving skills to overcome obstacles and ensure project completion. For example, you might discuss a time when you faced unexpected issues during a software development project and explain the steps you took to resolve them."
Can you describe a challenging project you managed and how you utilised your problem-solving skills to ensure its success?,Technical,Hard,ByteDance,"Project Management, Problem Solving","Project Manager, Software Developer, IT Manager, Scrum Master",Shared a tough project I led and how I used my skills to make it thrive.,"I once managed a complex software development project that faced numerous challenges. To ensure its success, I utilized my problem-solving abilities by breaking down the project into smaller tasks, communicating effectively with my team, and adapting our approach as needed. This allowed us to overcome obstacles and deliver the project on time and within budget."
Can you describe a challenging project you managed and how you utilized problem-solving skills to succeed?,Technical,Medium,Yotpo,"Project Management, Problem Solving","Software Engineer, Project Manager, Scrum Master","Managed a complex project, solved problems with teamwork and creativity.","I once led a challenging software development project where we faced numerous issues. To tackle these challenges, I utilized effective communication, critical thinking, and collaboration with my team members. We successfully overcame obstacles by breaking down the problem into manageable parts, brainstorming solutions, and implementing changes step-by-step. In the end, our hard work paid off as we delivered a successful project."
Can you describe a challenging project you managed and how you utilized your problem-solving skills to achieve its objectives?,Coding,Hard,Microsoft,"Project Management, Problem Solving","Project Manager, Software Engineer, Product Manager, Scrum Master",Shared a difficult project and how I solved problems to reach goals.,"I managed a challenging project where I faced many obstacles. To overcome these, I applied my problem-solving skills by breaking down the issues, researching solutions, collaborating with team members, and implementing effective strategies. This allowed us to achieve our objectives successfully."
Can you describe a challenging project you managed and how you utilized your problem-solving skills to achieve success?,Technical,Hard,New Mexico State Job,"Project Management, Problem Solving","Software Engineer, Project Manager, Scrum Master, Product Manager",Shared a difficult project and explained how I solved problems to reach success.,"I discussed a challenging project I managed, explaining the obstacles I faced and how I applied my problem-solving skills to overcome them, ultimately leading to the project's success."
Can you describe a challenging project you managed and how you utilized your problem-solving skills to achieve successful results?,Coding,Hard,Microsoft,"Project Management, Problem Solving","Project Manager, Software Developer, Scrum Master, Product Manager","Shared a tough project, showcased problem-solving skills for success.","I managed a challenging project where I faced several obstacles. By applying my problem-solving skills, I was able to break down the issues into smaller parts, find effective solutions, and ultimately achieve successful results."
Can you describe a challenging project you managed and how you utilized your problem-solving skills to achieve the desired outcome?,Analytical,Medium,Alfred Health,"Project Management, Problem Solving","Software Engineer, Project Manager, Scrum Master, Product Manager","Managed a difficult project, using problem-solving skills to meet goals.","I once led a challenging project where I faced unexpected issues. To solve these problems, I applied my analytical skills, broke down the challenges into smaller tasks, and worked diligently to find solutions one by one until we successfully completed the project."
Can you describe a challenging project you managed and how you utilized your problem-solving skills to complete it?,System Design,Hard,4Minds.AI,"Project Management, Problem Solving","Project Manager, Software Engineer, Scrum Master, Product Manager",Shared a difficult project I led and explained how I solved problems to finish it.,"In this question, the interviewer wants to know about your experience managing projects, particularly challenging ones. They are also interested in understanding your problem-solving skills. To answer effectively, describe a specific project you managed that was difficult, explain the challenges you faced, and detail how you used your problem-solving abilities to overcome these obstacles, ultimately completing the project successfully."
Can you describe a challenging project you managed and how you utilized your problem-solving skills to deliver the outcomes?,System Design,Medium,Experian,"Project Management, Problem Solving","Software Engineer, Project Manager, Scrum Master, Product Manager",Shared a difficult project I managed and how I used problem-solving skills to succeed.,"I managed a challenging project where the team faced several obstacles. To overcome these, I applied my problem-solving skills by breaking down the task into smaller parts, finding creative solutions, and collaborating with my team effectively. This approach helped us deliver the project successfully."
Can you describe a challenging project you managed and how you utilized your problem-solving skills to ensure its success?,Coding,Hard,Amazon Web Services,"Project Management, Problem Solving","Project Manager, Software Developer, IT Manager, Scrum Master",Shared a tough project and my problem-solving skills that led to its success.,"I managed a challenging project where I faced unexpected issues. To ensure its success, I applied my problem-solving skills by analyzing the situation, brainstorming solutions, and implementing the best one. This approach allowed me to overcome obstacles and deliver the project on time."
Can you describe a challenging project you managed and how you utilized your problem-solving skills to overcome the issues?,Behavioral,Medium,Lowell Community Health Center,"Project Management, Problem Solving","Software Engineer, Project Manager, Scrum Master, Product Manager",Shared a tough project and how I solved its problems.,"I managed a challenging project where there were numerous obstacles. By applying my problem-solving skills, I was able to identify the issues, develop effective strategies, and successfully complete the project."
Can you describe a challenging project you managed and how you utilized your problem-solving skills to successfully complete it?,System Design,Hard,Amazon,"Project Management, Problem Solving","Software Engineer, Project Manager, Scrum Master","Managed a difficult project, using my skills to finish it on time.","I was tasked with managing a challenging software development project that faced unexpected issues. To overcome these obstacles, I applied my problem-solving skills by breaking down the project into smaller tasks, communicating effectively with the team, and finding creative solutions for each challenge we encountered. In the end, we successfully completed the project on schedule."
Can you describe a challenging project you managed and how you utilized your problem-solving skills to the meet its objectives?,System Design,Medium,Mondo,"Project Management, Problem Solving","Project Manager, Software Developer, IT Manager, Scrum Master",Shared a difficult project and problem-solving steps taken.,"I managed a challenging project where I faced unexpected issues. To overcome these, I applied my problem-solving skills by analyzing the situation, brainstorming solutions, and implementing the best one to meet the project objectives."
Can you describe a challenging project you managed and how your problem-solving skills contributed to its success?,Technical,Hard,EPAM,"Project Management, Problem Solving, Leadership","Project Manager, Software Engineer, Scrum Master, Product Manager",Shared a tough project I led and how my problem-solving skills made it a success.,"In this scenario, I'll discuss a challenging project I managed in the past. I will explain the problems we faced, the solutions I proposed, and how those solutions contributed to the project's ultimate success. This response demonstrates my ability to handle complex situations, think critically, and lead teams effectively."
Can you describe a challenging project you managed and how your problem-solving skills contributed to its successful completion?,Coding,Hard,Met Office,"Project Management, Problem Solving, Leadership","Project Manager, Software Engineer, Scrum Master, Product Manager",Shared a difficult project I managed and how my problem-solving skills helped it succeed.,"I described a challenging project I led, explained the problems we faced, and demonstrated how I used critical thinking and creativity to find solutions. This ultimately resulted in the successful completion of the project."
Can you describe a challenging project you managed and how your problem-solving skills led to its successful completion?,Behavioral,Hard,Palo Alto Networks,"Project Management, Problem Solving, Leadership","Project Manager, Software Engineer, Product Manager","Managed a difficult project, solved problems, completed successfully.","I managed a challenging project where I encountered several issues. By applying my problem-solving skills, I was able to find effective solutions and lead the team to a successful completion of the project."
Can you describe a challenging project you managed and illustrate the problem-solving methods you used?,System Design,Hard,"ULTA Salon, Cosmetics & Fragrance, Inc.","Project Management, Problem Solving","Software Engineer, Project Manager, Scrum Master",Shared a tough project and how I tackled its challenges.,"I once managed a complex software development project that faced unexpected issues. To solve these problems, I broke down the tasks into smaller manageable parts, communicated effectively with my team, and used agile methodologies to adapt quickly when needed."
Can you describe a challenging project you managed and outline the problem-solving strategies you used for its successful completion?,Product Strategy,Hard,Agoda,"Project Management, Problem Solving, Leadership","Project Manager, Software Engineer, Scrum Master, Team Lead","Managed a difficult project, used creative problem-solving strategies to complete it successfully.","In this scenario, I was responsible for overseeing a challenging project. The project faced numerous obstacles that required innovative solutions. To ensure its successful completion, I employed various problem-solving techniques such as brainstorming sessions with the team, breaking down tasks into manageable parts, and implementing agile methodologies to adapt quickly to changes."
Can you describe a challenging project you managed and outline the strategies you used to ensure its successful completion?,Technical,Hard,CS,"Project Management, Leadership, Problem Solving","Project Manager, Software Engineer, Team Lead, Scrum Master","Managed a difficult project, using effective strategies to ensure success.","I once led a challenging project where we faced unexpected issues. To overcome these challenges, I developed a detailed plan, communicated clearly with my team, and adapted our approach as needed. This helped us to successfully complete the project on time and within budget."
Can you describe a challenging project you managed and outline your approach to successfully completing it?,Technical,Hard,Google,"Project Management, Leadership, Problem Solving","Project Manager, Senior Developer, Team Lead",Successfully led a difficult project to completion.,"I managed a challenging project by breaking it down into smaller tasks, assigning roles, and setting clear deadlines. I communicated regularly with the team, addressed issues promptly, and made adjustments as needed to ensure we met our goals."
Can you describe a challenging project you managed and share how you applied your problem-solving skills to ensure its success?,Behavioral,Medium,unum,"Project Management, Problem Solving, Leadership","Project Manager, Software Engineer, Scrum Master, Product Manager","Shared a challenging project I managed, using problem-solving skills to ensure its success.",I described a difficult project I led and explained how I applied my problem-solving abilities to overcome obstacles and ultimately achieve project success.
Can you describe a challenging project you managed and the problem-solving strategies that led to its success?,System Design,Hard,JMXI,"Project Management, Problem Solving, Leadership","Project Manager, Software Engineer, Scrum Master, Product Manager",Successfully managed a difficult project using innovative strategies.,"I once led a challenging project where we faced unexpected issues. To solve these problems, I implemented agile methodologies, fostered team collaboration, and utilized effective communication to ensure the project's success."
Can you describe a challenging project you managed and the problem-solving strategies you employed to achieve successful completion?,Machine Learning,Hard,Amazon,"Project Management, Problem Solving, Leadership","Project Manager, Software Engineer, Team Lead, Scrum Master","Shared a difficult project, explained how I solved problems to finish it well.","I managed a challenging project where we faced unexpected issues. To solve these problems, I employed strategies like breaking down tasks, prioritizing, and effective communication with my team. This approach allowed us to overcome the obstacles and successfully complete the project."
Can you describe a challenging project you managed and the problem-solving strategies you implemented?,Technical,Hard,Goldman Sachs,"Project Management, Problem Solving, Leadership","Project Manager, Software Engineer, Scrum Master, Product Manager",Shared a tough project I led and the solutions I devised.,"I managed a challenging project where we faced unexpected issues. To solve these problems, I implemented strategies such as breaking down tasks into smaller parts, prioritizing critical areas, and fostering open communication within the team. This approach allowed us to successfully overcome obstacles and complete the project on time."
Can you describe a challenging project you managed and the problem-solving strategies you used to accomplish it?,Coding,Medium,HEXAWARE,"Project Management, Problem Solving, Leadership","Project Manager, Software Engineer, Scrum Master, Product Manager",Shared a difficult project I led and how I solved its challenges.,"I managed a challenging project where the team faced unexpected issues. To solve these problems, I implemented a combination of effective communication, prioritization, and adaptability. This approach helped us to overcome obstacles and successfully complete the project."
Can you describe a challenging project you managed and the problem-solving strategies you used to achieve the objectives?,Analytical,Medium,Aeyon,"Project Management, Problem Solving, Leadership","Project Manager, Software Engineer, Scrum Master, Product Manager",Shared a challenging project I led and the tactics used to meet goals.,"I managed a complex software development project that faced unexpected issues. To solve these problems, I implemented agile methodologies, collaborated with team members, and effectively communicated with stakeholders."
Can you describe a challenging project you managed and the problem-solving strategies you used to ensure its success?,Technical,Hard,U S Bank,"Project Management, Problem Solving, Leadership","Project Manager, Software Engineer, Team Lead, Scrum Master",Shared a tough project I led and the tactics used to make it thrive.,"I managed a challenging software development project where we faced unexpected issues. To ensure its success, I implemented a combination of agile methodologies, regular communication with the team, and proactive risk management. This approach allowed us to adapt quickly, resolve problems effectively, and ultimately deliver the project on time and within budget."
Can you describe a challenging project you managed and the problem-solving strategies you used to ensure its successful completion?,Coding,Hard,Amazon,"Project Management, Problem Solving, Leadership","Project Manager, Software Engineer, Team Lead, Scrum Master","Managed a complex project, solved problems using innovative strategies to ensure success.","I once led a challenging project where we encountered several issues. To solve these problems, I used a combination of effective communication, critical thinking, and adaptability. For instance, when our initial approach didn't work, I quickly pivoted to another solution that was more suitable for the situation. This allowed us to complete the project successfully."
Can you describe a challenging project you managed and the problem-solving strategies you used to successfully complete it?,Machine Learning,Hard,Amazon Robotics,"Project Management, Problem Solving, Leadership","Project Manager, Software Engineer, Team Lead, Scrum Master",Shared details of a tough project and how I solved it.,"I managed a complex software development project that faced unexpected challenges. To overcome these, I broke the problem into smaller tasks, prioritized them based on their impact, and worked closely with my team to find effective solutions for each task. This approach ensured we met our deadline and delivered a successful product."
Can you describe a challenging project you managed and the problem-solving strategies you utilized to ensure its successful completion?,Coding,Hard,Google,"Project Management, Problem Solving, Leadership","Project Manager, Software Engineer, Team Lead",Shared a difficult project and how I overcame obstacles to complete it successfully.,"I managed a challenging software development project where the team faced technical issues. To resolve these problems, I utilized effective communication, prioritization, and adaptability. By breaking down tasks, identifying bottlenecks, and collaborating with my team, we were able to find solutions and successfully complete the project."
Can you describe a challenging project you managed and the problem-solving techniques you employed to ensure its success?,Coding,Medium,mercor,"Project Management, Problem Solving, Leadership","Project Manager, Software Engineer, Scrum Master, Team Lead",Shared a difficult project I managed and how I overcame challenges.,"I once led a complex software development project that faced numerous obstacles. To ensure its success, I employed effective problem-solving techniques such as breaking down tasks into manageable parts, prioritizing critical issues, and fostering open communication within the team. By working collaboratively, we were able to overcome these challenges and deliver the project on time."
Can you describe a challenging project you managed and the problem-solving techniques you used to ensure its success?,Technical,Hard,Booz Allen Hamliton,"Project Management, Problem Solving, Leadership","Project Manager, Software Engineer, Scrum Master, Product Manager",Shared a complex project I led to success using innovative solutions.,"I managed a challenging project where the team faced difficulties in meeting deadlines. To ensure its success, I implemented agile methodologies, prioritized tasks based on their urgency and importance, and encouraged open communication among team members. This approach allowed us to deliver the project on time and within budget."
Can you describe a challenging project you managed and the steps you took to ensure its successful completion?,Product Strategy,Hard,Amazon,"Project Management, Problem Solving, Leadership","Project Manager, Software Engineer, Scrum Master, Product Manager","Managed a difficult project, took necessary steps to ensure success.","I managed a challenging project by breaking it down into smaller tasks, setting clear goals, and regularly communicating with the team. I also monitored progress closely, adjusted plans when needed, and ensured everyone understood their roles and responsibilities."
Can you describe a challenging project you managed and the strategies you employed for successful completion?,Analytical,Hard,Citi,"Project Management, Leadership, Problem Solving","Project Manager, Software Engineer, Scrum Master, Product Manager",Shared a difficult project I led and strategies used for success.,"I managed a challenging project where the team faced technical issues. To overcome these, I employed effective communication, prioritization, and adaptability to ensure we met our deadline."
Can you describe a challenging project you managed and the strategies you employed to ensure its successful completion?,Technical,Hard,Phoenix security,"Project Management, Leadership, Problem Solving","Project Manager, Software Engineer, Scrum Master, Product Manager","Managed a difficult project, used effective strategies to ensure success.","I was responsible for a challenging project where things didn't go as planned. To overcome the obstacles, I employed various strategies such as clear communication, setting realistic deadlines, and delegating tasks effectively. This approach helped me successfully complete the project despite its difficulties."
Can you describe a challenging project you managed and the strategies you employed to overcome the difficulties?,System Design,Hard,Microsoft,"Project Management, Problem Solving, Leadership","Project Manager, Software Engineer, Scrum Master, Product Manager",Shared a tough project and strategies used to succeed.,"I managed a challenging project where we faced unexpected delays and resource constraints. To overcome these difficulties, I employed a combination of effective communication, prioritization, and adaptability. By breaking down the project into smaller tasks, setting clear goals, and regularly updating the team on our progress, we were able to stay focused and ultimately deliver the project successfully."
Can you describe a challenging project you managed and the strategies you implemented to overcome the difficulties?,Technical,Medium,efg,"Project Management, Problem Solving","Project Manager, Software Engineer, Scrum Master, Product Manager",Shared a difficult project and solutions I used.,"I managed a challenging project where we faced unexpected issues. To overcome these difficulties, I implemented strategies such as breaking down tasks into smaller parts, prioritizing critical tasks, and maintaining clear communication with the team. This approach helped us to successfully complete the project within the deadline."
Can you describe a challenging project you managed and the strategies you used for successful completion?,Technical,Medium,Stratco,"Project Management, Leadership, Problem Solving","Project Manager, Software Engineer, Scrum Master, Product Manager","Managed a complex project, using effective strategies to ensure its successful completion.","I once led a challenging project where we faced numerous obstacles. To overcome these challenges, I developed a detailed plan, communicated clearly with my team, and adjusted our strategy as needed. This allowed us to complete the project on time and within budget."
Can you describe a challenging project you managed and the strategies you used for successful implementation?,Analytical,Medium,Seattle mariners,"Project Management, Problem Solving, Leadership","Project Manager, Senior Developer, Software Engineer, Scrum Master",Managed a difficult project using clear communication and effective problem-solving strategies.,"In this question, the interviewer wants to understand your ability to manage complex projects, handle challenges, and implement successful solutions. A challenging project I managed involved overcoming technical difficulties in a software development project. To ensure its success, I utilized clear communication with my team, set achievable goals, and employed problem-solving strategies when faced with obstacles."
Can you describe a challenging project you managed and the strategies you used to bring it to a successful conclusion?,Behavioral,Medium,American AgCredit,"Project Management, Leadership, Problem Solving","Project Manager, Senior Developer, Team Lead",Described a tough project and the methods used to complete it successfully.,"This question is asking for an example of a challenging project you managed, along with the strategies you employed to ensure its successful completion. This demonstrates your ability to handle complex tasks, lead teams, and solve problems effectively."
Can you describe a challenging project you managed and the strategies you used to deliver it on time?,Behavioral,Medium,Sourcing Connections,"Project Management, Time Management, Leadership","Project Manager, Software Engineer, Scrum Master","Managed a difficult project, using effective strategies to meet deadlines.","I once led a challenging project where we faced numerous obstacles. To ensure timely delivery, I employed various strategies such as breaking down tasks into manageable chunks, prioritizing critical tasks, and maintaining open communication with the team. This approach allowed us to tackle each challenge effectively and ultimately deliver the project on schedule."
Can you describe a challenging project you managed and the strategies you used to deliver it successfully?,Technical,Hard,Citi,"Project Management, Leadership, Problem Solving","Project Manager, Team Lead, Software Engineer, Product Manager",Managed a difficult project and delivered it on time using effective strategies.,"I managed a challenging project by breaking it down into smaller tasks, setting clear goals, communicating effectively with the team, and adapting to changes as needed. This approach allowed us to deliver the project successfully within the given timeline."
Can you describe a challenging project you managed and the strategies you used to ensure its successful completion?,Behavioral,Medium,mgm,"Project Management, Leadership, Problem Solving","Project Manager, Software Engineer, Product Manager","Managed a difficult project, using effective strategies for success.","I once led a challenging project where we faced unexpected issues. To ensure its successful completion, I implemented a clear plan, communicated effectively with the team, and used problem-solving skills to tackle any obstacles that came up."
Can you describe a challenging project you managed and the strategies you used to overcome any obstacles?,Coding,Hard,Apple,"Project Management, Problem Solving","Project Manager, Software Engineer, Scrum Master, Product Manager",Shared a tough project and how I tackled its challenges.,"I managed a challenging project where we faced unexpected delays. To overcome these obstacles, I implemented an agile methodology, regularly communicated with the team, and prioritized tasks based on their dependencies."
Can you describe a challenging project you managed and the strategies you used to overcome difficulties?,Technical,Hard,Amazon,"Project Management, Problem Solving, Leadership","Project Manager, Software Developer, Scrum Master, IT Manager",Shared a difficult project and how I tackled its challenges.,"I described a tough project I managed, explained the obstacles we faced, and detailed the strategies I used to overcome those difficulties. This demonstrates my ability to lead a team, solve problems effectively, and manage projects successfully."
Can you describe a challenging project you managed and the strategies you used to overcome obstacles?,Analytical,Medium,Seattle mariners,"Project Management, Problem Solving, Leadership","Project Manager, Software Engineer, Scrum Master, Product Manager",Shared a tough project and how I overcame its challenges.,"I managed a challenging project where we faced unexpected issues. To overcome these obstacles, I utilized effective communication, prioritization, and adaptability. By working closely with my team, we were able to find solutions that allowed us to successfully complete the project."
Can you describe a challenging project you managed and the strategies you used to overcome the challenges?,System Design,Hard,Fidelity National Financial,"Project Management, Problem Solving, Leadership","Project Manager, Software Engineer, Scrum Master, Product Manager",Shared a difficult project and strategies used to tackle challenges.,"I managed a challenging project where we faced unexpected delays. To overcome these, I employed effective communication, prioritization, and adaptability. By keeping the team informed, focusing on critical tasks first, and adjusting our approach as needed, we were able to successfully complete the project."
Can you describe a challenging project you managed and the strategies you used to overcome the difficulties?,Coding,Medium,T-Bank,"Project Management, Problem Solving, Leadership","Project Manager, Software Engineer, Scrum Master, Product Manager",Shared a tough project and strategies used to conquer obstacles.,"I managed a difficult project by breaking it down into smaller tasks, setting clear goals, and communicating effectively with my team. When faced with challenges, I remained flexible and open to new solutions. This approach allowed us to successfully complete the project despite initial difficulties."
Can you describe a challenging project you managed and the strategies you used to overcome the obstacles?,Technical,Hard,google,"Project Management, Problem Solving, Leadership","Project Manager, Software Engineer, Scrum Master, Product Manager",Shared a difficult project I led and how I tackled its challenges.,"I managed a challenging project by breaking it down into smaller tasks, communicating effectively with my team, and using problem-solving skills to overcome obstacles. This helped us meet our deadline and deliver a successful outcome."
Can you describe a challenging project you managed and the strategies you used to overcome those challenges?,Coding,Medium,TCS,"Project Management, Problem Solving, Leadership","Project Manager, Software Engineer, Scrum Master",Shared a tough project and how I tackled its difficulties.,"I managed a challenging project by breaking it down into smaller tasks, communicating effectively with my team, and using problem-solving skills to overcome obstacles."
Can you describe a challenging project you managed and the strategies you used to successfully complete it?,Analytical,Hard,intervity,"Project Management, Leadership, Problem Solving","Project Manager, Software Engineer, Scrum Master",Managed a difficult project using effective strategies.,"I managed a challenging project by breaking it down into smaller tasks, setting clear goals, and regularly communicating with the team. I also prioritized tasks based on their importance and ensured that everyone understood their roles and responsibilities."
Can you describe a challenging project you managed and the strategies you used to successfully deliver it?,Technical,Medium,cloud9 infosystem,"Project Management, Leadership, Problem Solving","Project Manager, Senior Developer, Scrum Master","Managed a difficult project, used effective strategies to deliver on time.","I managed a complex project that faced numerous challenges. To ensure its successful delivery, I developed and implemented strategies such as clear communication, setting realistic timelines, and prioritizing tasks based on their impact on the overall project. This approach helped us stay on track, meet deadlines, and ultimately deliver a high-quality product."
Can you describe a challenging project you managed and the strategies you used to tackle the issues encountered?,Analytical,Hard,Citi,"Project Management, Problem Solving, Leadership","Project Manager, Software Engineer, Scrum Master",Shared a tough project and strategies used to overcome obstacles.,"I once managed a challenging project where we faced unexpected delays. To tackle these issues, I implemented an agile methodology, regularly communicated with the team, and prioritized tasks based on their dependencies. This approach helped us to stay organized, meet deadlines, and ultimately deliver a successful project."
Can you describe a challenging project you managed and the techniques you used to successfully complete it?,Analytical,Medium,Afficiency,"Project Management, Leadership, Problem Solving","Project Manager, Software Engineer, Scrum Master, Product Manager",Shared a difficult project and how I overcame challenges,"I managed a challenging project by breaking it down into smaller tasks, communicating effectively with the team, and using problem-solving skills to tackle any obstacles that arose. This approach allowed us to successfully complete the project on time."
Can you describe a challenging project you managed and what problem-solving strategies you adopted?,Technical,Medium,hubtelit,"Project Management, Problem Solving Strategies","Software Engineer, Project Manager, Scrum Master, Product Manager",Shared a difficult project I led and the tactics used to overcome obstacles.,"I managed a challenging project where we faced unexpected issues. To solve these problems, I employed strategies such as breaking down tasks into smaller parts, prioritizing critical ones, and collaborating closely with my team members. This approach allowed us to successfully complete the project."
Can you describe a challenging project you managed and what strategies you used to ensure its successful completion?,Coding,Hard,Google,"Project Management, Leadership, Problem Solving","Project Manager, Software Engineer, Team Lead, Scrum Master","Managed a difficult project, using effective strategies for success.","I once led a challenging project where things didn't go as planned. To ensure its successful completion, I developed and implemented a clear plan, communicated effectively with the team, and utilized problem-solving skills to overcome obstacles that arose."
Can you describe a challenging project you managed and your strategy for overcoming any obstacles?,Technical,Hard,USAID,"Project Management, Problem Solving","Project Manager, Software Engineer, Scrum Master, Product Manager",Shared a difficult project and how I tackled its hurdles.,"I managed a challenging project by breaking it down into smaller tasks, communicating effectively with the team, and adapting solutions as obstacles arose."
"Can you describe a challenging project you managed from concept to completion, highlighting your problem-solving skills?",Product Strategy,Hard,American Express,"Project Management, Problem Solving, Technical Leadership","Project Manager, Senior Developer, Software Engineer, Tech Lead","Shares a complex project I managed from start to finish, showcasing my problem-solving skills.","This question is asking for an example of a project you led from the initial concept stage through to completion. It also wants to see how you used your problem-solving abilities during that process. Roles such as Project Manager, Senior Developer, Software Engineer, or Tech Lead might ask this question because they want to understand your leadership and decision-making skills in a real-world context."
"Can you describe a challenging project you managed from conception to completion, detailing your problem-solving strategies?",Technical,Medium,EPAM,"Project Management, Problem Solving Strategies","Project Manager, Software Developer, Product Manager","Shared a challenging project I led, detailing my approach to problem-solving.","I managed a difficult project from start to finish, overcoming obstacles by strategically solving problems as they arose. For instance, when our team hit a roadblock with the database integration, I proposed a pivot to a cloud-based solution which ultimately streamlined our workflow."
Can you describe a challenging project you managed from inception to completion and explain the problem-solving methods utilized?,Analytical,Medium,"Akraya, Inc","Project Management, Problem Solving, Software Development Life Cycle","Project Manager, Software Engineer, Scrum Master","Discuss a project I led, explaining the steps taken to overcome obstacles.","I managed a challenging project from start to finish. I faced problems along the way, but I used critical thinking and team collaboration to find solutions. I defined project goals, created a timeline, assigned tasks, monitored progress, and adjusted plans as needed. This ensured the project was completed successfully."
Can you describe a challenging project you managed from inception to completion and the problem-solving strategies you utilized?,Technical,Hard,Inovio,"Project Management, Problem Solving, Inception to Completion","Project Manager, Software Engineer, Product Manager, Scrum Master",Shared a challenging project I managed from start to finish and the strategies I used to solve problems.,"I described a specific project where I was responsible for its entire lifecycle. I explained the difficulties we faced, the solutions I implemented, and how those strategies led us to successful completion."
Can you describe a challenging project you managed from inception to completion and the strategies you used for problem-solving?,Analytical,Medium,Microsoft,"Project Management, Problem Solving, Inception to Completion","Project Manager, Software Engineer, Product Manager","Shared a tough project I led, discussing strategies for solving problems.","I managed a challenging project from start to finish, employing effective problem-solving techniques such as breaking down tasks, prioritizing, and collaborating with the team. This allowed us to overcome obstacles and successfully complete the project."
Can you describe a challenging project you managed from initiation to completion and explain how you overcame obstacles?,Analytical,Hard,Tiktok,"Project Management, Problem Solving, Leadership","Project Manager, Software Engineer, Product Manager","Managed a complex project, overcame obstacles to complete on time.","I once led a project from start to finish, facing several challenges along the way. For instance, we encountered unexpected technical issues that required innovative solutions. By working closely with my team, I was able to find effective workarounds and ultimately deliver the project successfully."
"Can you describe a challenging project you managed from initiation to completion, highlighting your problem-solving skills?",Behavioral,Hard,Danish refugee council,"Project Management, Problem Solving","Project Manager, Software Developer, Scrum Master, Product Manager","Shared a difficult project I led from start to finish, showcasing my problem-solving abilities.","I'll tell you about a challenging project I managed from its inception to completion. Along the way, I encountered problems and had to use my critical thinking skills to find solutions. This will give you an idea of how I handle complex situations."
Can you describe a challenging project you managed successfully and discuss your problem-solving strategies used during this process?,Product Design,Medium,Semble,"Project Management, Problem Solving Strategies","Software Engineer, Project Manager, Scrum Master",Successfully managed a complex project using effective problem-solving strategies.,"I managed a challenging project where I faced several obstacles. To tackle these issues, I utilized critical thinking, collaboration, and prioritization to ensure the project was completed on time and within budget. For example, when we encountered a technical glitch, I organized a team meeting to brainstorm solutions, ultimately leading us to find an effective workaround."
Can you describe a challenging project you managed successfully and the problem-solving strategies you used?,Behavioral,Medium,Arlo,"Project Management, Problem Solving Strategies","Software Engineer, Project Manager, Scrum Master, Product Manager",Successfully led a complex project and solved problems using effective strategies.,"In this project, I managed resources, set goals, monitored progress, and used problem-solving techniques like root cause analysis and brainstorming to overcome obstacles. This resulted in the successful completion of the project."
Can you describe a challenging project you managed successfully and the problem-solving strategies you utilized?,Analytical,Hard,Eli Lilly,"Project Management, Problem Solving, Leadership","Software Engineer, Project Manager, Scrum Master",Successfully managed a complex project using effective strategies.,"I once led a challenging software development project where we faced numerous issues such as tight deadlines, resource constraints, and unforeseen technical difficulties. To overcome these challenges, I employed various problem-solving techniques like breaking down tasks into manageable pieces, prioritizing critical tasks, and maintaining open communication with the team. As a result, we successfully delivered the project on time and within budget."
"Can you describe a challenging project you managed, and explain how you utilized your problem-solving skills to complete it?",Technical,Medium,Santa Barbara County Education Office,"Project Management, Problem Solving","Software Engineer, Project Manager, Scrum Master, Product Manager",Shared a difficult project I managed and explained my problem-solving approach.,"I described a challenging project I led, detailing the obstacles we faced. Then, I explained how I applied my critical thinking and decision-making skills to overcome those challenges, ultimately completing the project successfully."
"Can you describe a challenging project you managed, and how your problem-solving skills led to its successful completion?",Coding,Hard,Betterteam,"Project Management, Problem Solving","Software Engineer, Project Manager, Scrum Master, Product Manager",Shared a tough project I managed and how my problem-solving skills saved the day!,"I once led a complex software development project that faced numerous challenges. By applying my problem-solving skills, I was able to identify issues quickly, come up with effective solutions, and ensure the project's successful completion."
"Can you describe a challenging project you managed, and the strategies used for successful implementation?",System Design,Hard,Apple,"Project Management, Problem Solving, Leadership","Project Manager, Software Engineer, Scrum Master","Shared a tough project I led, and the tactics that made it succeed.","I managed a difficult project where we faced unexpected challenges. To ensure success, I implemented strategies like clear communication, setting achievable goals, and regular progress tracking. This approach helped us overcome obstacles and deliver on time."
"Can you describe a challenging project you managed, demonstrating your problem-solving and technical implementation abilities?",Analytical,Medium,SHOGUN,"Project Management, Problem Solving, Technical Implementation","Software Engineer, Project Manager, System Architect, Developer",Described a tough project and showed problem-solving skills.,"I managed a challenging project where I encountered problems that required innovative solutions. To implement these solutions, I utilized my technical abilities to ensure the project's successful completion."
"Can you describe a challenging project you managed, detailing your problem-solving strategies and measured outcomes?",System Design,Hard,Moody's,"Project Management, Problem Solving Strategies, Measured Outcomes","Project Manager, Software Engineer, Product Manager, Scrum Master","Shared a tough project I led, explaining steps taken and results.","I managed a challenging project where we faced issues with deadlines and resources. To solve these problems, I implemented an agile methodology, breaking down tasks into smaller manageable pieces. This approach helped us meet our deadlines and improved the quality of our work. As a result, we successfully delivered the project on time and within budget."
"Can you describe a challenging project you managed, detailing your strategy for overcoming obstacles and meeting deadlines?",Technical,Medium,Wingate,"Project Management, Problem Solving, Time Management","Project Manager, Software Engineer, Scrum Master","Shared a tough project I managed, explaining how I tackled hurdles and met deadlines.","I discussed a challenging project I led, detailing the strategy I used to conquer obstacles and ensure timely completion. This included breaking down tasks, prioritizing, delegating responsibilities effectively, and staying flexible to adapt to changes."
"Can you describe a challenging project you managed, emphasizing your problem-solving and decision-making strategies?",System Design,Medium,Rlabs,"Project Management, Problem Solving, Decision Making","Project Manager, Software Engineer, Scrum Master, Product Manager","Shared a difficult project I led, highlighting my problem-solving and decision-making skills.","I discussed a challenging project I managed, explaining the problems I faced, the strategies I used to solve them, and the decisions I made during that process. This question helps potential employers understand my ability to handle complex situations and make informed decisions."
"Can you describe a challenging project you managed, emphasizing your problem-solving strategies and outcomes?",Sql,Medium,AssistRx,"Project Management, Problem Solving Strategies, Leadership","Project Manager, Software Engineer, Scrum Master, Product Manager","Shared a tough project, explained solutions, and shared results.","I managed a challenging project where we faced unexpected issues. To solve these problems, I utilized effective communication, prioritization, and collaboration with my team. Ultimately, our efforts led to the successful completion of the project."
"Can you describe a challenging project you managed, focusing on your problem-solving and decision-making strategies?",Behavioral,Hard,Meta,"Project Management, Problem Solving, Decision Making","Project Manager, Software Engineer, Scrum Master, Product Manager","Shared a difficult project, explained problem-solving steps and decisions.","I managed a challenging project where I had to solve complex problems and make critical decisions. For instance, when the team was facing a deadline crunch due to unexpected bugs, I prioritized tasks, allocated resources effectively, and communicated clearly with stakeholders. This approach helped us meet the deadline without compromising on quality."
"Can you describe a challenging project you managed, highlighting your approach to problem-solving and decision-making?",Analytical,Medium,FloQast,"Project Management, Problem Solving, Decision Making","Project Manager, Software Engineer, Product Manager, Scrum Master","Shared a difficult project I managed, showcasing my problem-solving and decision-making skills.",I'll tell you about a tough project I led where I had to use critical thinking and good judgment to overcome obstacles. This will demonstrate how I handle challenges and make decisions effectively.
"Can you describe a challenging project you managed, highlighting your problem-solving skills and technical implementation?",Analytical,Hard,JP Morgan,"Project Management, Problem Solving, Technical Implementation","Software Engineer, Project Manager, Systems Analyst, Developer","Shared details of a tough project, showcasing problem-solving and technical skills.","I managed a challenging project where I faced unexpected issues. To solve these problems, I applied my technical knowledge to implement solutions effectively. This experience demonstrated my ability to handle complex situations and deliver successful results."
"Can you describe a challenging project you managed, outlining the problem-solving strategies you employed to ensure its successful completion?",Coding,Hard,Google,"Project Management, Problem Solving, Leadership","Project Manager, Software Engineer, Product Manager, Scrum Master","Shared a tough project I led, explaining how I tackled problems to finish on time.","I described a difficult project I managed, detailing the challenges we faced and the strategies I used to overcome them. This included setting clear goals, breaking tasks into manageable parts, and collaborating with my team effectively."
"Can you describe a challenging project you managed, sharing how you planned, executed and evaluated its outcomes?",Technical,Hard,The Digital Transformation Agency,"Project Management, Planning, Execution, Evaluation","Project Manager, Software Engineer, Product Manager, Scrum Master","Shared a challenging project I managed, explaining planning, execution, and results.","I described a difficult project I led, detailing how I planned the tasks, executed them, and evaluated the outcomes. This shows my ability to manage complex projects effectively."
"Can you describe a challenging project you managed, the obstacles you faced, and how you resolved them?",Behavioral,Hard,Goldman Sachs,"Project Management, Problem Solving, Leadership","Project Manager, Software Engineer, Scrum Master","Shared a tough project, its hurdles, and how I overcame them.","I managed a challenging project where we faced delays due to limited resources. To resolve this, I implemented an efficient workflow, reallocated resources, and improved communication among team members. This led to the successful completion of the project within the deadline."
"Can you describe a challenging project you managed, the problems you encountered, and how you resolved them?",Coding,Medium,Rt Camp,"Project Management, Problem Solving, Leadership","Software Engineer, Project Manager, Scrum Master","Shared a tough project I led, problems faced, and how I overcame them.","I managed a complex software development project where we encountered delays due to unforeseen technical issues. To resolve these challenges, I collaborated with my team, redefined our timeline, and implemented new tools for efficient communication and task tracking. This helped us deliver the project on time and within budget."
"Can you describe a challenging project you managed, the strategies you used to overcome the difficulties, and its final outcome?",Behavioral,Hard,Apple,"Project Management, Problem Solving, Leadership","Project Manager, Software Engineer, Scrum Master","Managed a difficult project, used innovative strategies, and achieved success.","I managed a challenging project where we faced unexpected issues. To overcome these difficulties, I employed creative problem-solving techniques and effective leadership skills. Ultimately, we were able to deliver the project successfully."
Can you describe a challenging project you spearheaded and how your problem-solving skills led to its successful completion?,Technical,Hard,Salesforce,"Project Management, Problem Solving, Leadership","Software Engineer, Project Manager, Scrum Master","Spearheaded a challenging project, solved problems, completed successfully.","I led a difficult project where I faced various challenges. Using my problem-solving skills, I overcame these obstacles and ultimately brought the project to a successful completion."
"Can you describe a challenging project you spearheaded, and how your problem-solving skills contributed to its success?",Behavioral,Medium,Cheyenne Regional Medical Center,"Project Management, Problem Solving, Leadership","Software Engineer, Project Manager, Team Lead, Product Manager","Shared a difficult project I led, highlighting my problem-solving skills.","I once took charge of a challenging project where we faced numerous obstacles. By applying my strong problem-solving abilities, I was able to navigate these difficulties and ultimately lead the team to success."
Can you describe a challenging project you successfully completed and how it demonstrated your problem-solving abilities?,Technical,Hard,Uber,"Project Management, Problem Solving, Technical Skills","Software Engineer, Project Manager, Developer","Completed a tough project, showcasing my problem-solving skills.","I successfully led a challenging project where I encountered numerous difficulties. By applying my technical skills and problem-solving abilities, I was able to overcome these obstacles and deliver the project on time. This experience demonstrates my ability to handle complex situations effectively."
Can you describe a challenging project you successfully managed and explain the strategies you used for problem-solving?,Coding,Hard,Visa,"Project Management, Problem Solving, Leadership","Software Engineer, Project Manager, Scrum Master, Product Manager",Shared a difficult project I led and how I tackled its challenges.,"I managed a challenging software development project where the team faced unexpected issues. To solve these problems, I implemented a step-by-step approach: breaking down tasks into smaller parts, prioritizing critical issues first, and communicating effectively with my team members. By working together, we successfully overcame the obstacles and delivered the project on time."
Can you describe a challenging project you took on and how you implemented successful problem-solving strategies?,Behavioral,Hard,Project Guardianship,"Project Management, Problem Solving, Soft Skills","Software Engineer, Project Manager, System Analyst",Shared a difficult project and strategies used for success.,"I once worked on a complex project where the initial approach didn't work as planned. To solve this, I broke down the problem into smaller tasks, communicated effectively with my team, and implemented solutions one at a time until we reached our goal."
Can you describe a challenging project you undertook and how did you manage to overcome the difficulties encountered?,Coding,Medium,CVS,"Project Management, Problem Solving, Time Management","Software Developer, Project Manager, System Analyst",Shared a difficult project and how I solved its problems.,"I once worked on a complex project that faced many challenges. To overcome these difficulties, I broke down the task into smaller manageable parts, prioritized them effectively, and collaborated closely with my team members. This approach helped us to successfully complete the project within the deadline."
Can you describe a challenging project you undertook and how you applied your problem-solving skills to succeed?,Technical,Medium,at Ignite Digital Services,"Project Management, Problem Solving, Time Management","Software Developer, Project Manager, System Analyst","Tackled a tough project, used smart problem-solving to win.","I once worked on a challenging project where I faced numerous obstacles. To overcome these challenges, I applied my problem-solving skills by breaking down the project into manageable tasks, prioritizing them effectively, and seeking help when needed. This approach allowed me to complete the project successfully."
Can you describe a challenging project you undertook and how you employed problem-solving skills to successfully complete it?,Behavioral,Hard,Goldman Sachs,"Project Management, Problem Solving, Technical Challenges","Software Engineer, Project Manager, Data Analyst, Systems Administrator",Shared a difficult project and explained how I tackled it using problem-solving skills.,"I described a tough project I worked on, explaining the problems I faced and the methods I used to overcome them. This demonstrates my ability to manage complex tasks and find effective solutions."
Can you describe a challenging project you undertook and how you implemented problem-solving strategies to successfully complete it?,Coding,Hard,CF,"Project Management, Problem Solving, Technical Challenges","Software Developer, Project Manager, System Analyst",Shared a difficult project and strategies used to overcome obstacles.,"I once worked on a complex software project that faced unexpected issues. To solve these problems, I broke down the task into smaller manageable parts, collaborated with my team, and utilized effective communication and time management skills. This approach allowed us to successfully complete the project."
Can you describe a challenging project you were tasked with and explain the methodologies you used to achieve its completion?,Analytical,Hard,Morgan Stanley,"Project Management, Problem Solving, Methodologies","Software Developer, Project Manager, Engineer",Shared a difficult project & explained the strategies used for its completion.,"I was tasked with a challenging project and to complete it, I utilized specific methodologies. For instance, Agile Scrum helped us break down tasks into manageable pieces, while Kanban allowed us to visualize our workflow and make improvements continuously. By collaborating effectively as a team, we successfully delivered the project on time."
Can you describe a challenging project you worked on and explain how you used your problem-solving skills to overcome obstacles?,Analytical,Hard,r1 rcm,"Project Management, Problem Solving, Technical Challenges","Software Engineer, Project Manager, System Analyst",Shared a tough project and explained how I solved problems along the way.,"I worked on a challenging project where we faced several issues. To overcome these obstacles, I applied my problem-solving skills by breaking down the challenges into smaller tasks, finding creative solutions, and collaborating with my team effectively."
Can you describe a challenging project you worked on and how you applied your problem-solving skills to overcome the obstacles?,Technical,Medium,AWS,"Project Management, Problem Solving, Technical Challenges","Software Developer, Project Manager, System Analyst",Shared a difficult project and how I solved its problems.,"I worked on a challenging project where I faced several obstacles. To overcome these, I applied my problem-solving skills by breaking down the issues, brainstorming solutions, and collaborating with my team. In the end, we successfully completed the project."
Can you describe a challenging project you worked on and how you overcame the difficulties faced?,Technical,Hard,MTA,"Project Management, Problem Solving, Team Collaboration","Software Developer, Project Manager, System Analyst",Successfully completed a tough project by working closely with my team.,"I worked on a challenging project where we faced unexpected issues. To overcome these difficulties, I collaborated effectively with my team, researched solutions, and implemented innovative strategies. As a result, we were able to successfully complete the project."
Can you describe a challenging project you worked on and how you used problem-solving skills to overcome the difficulties?,Technical,Medium,Thor Industries,"Project Management, Problem Solving, Technical Challenges","Software Engineer, Project Manager, Developer, Tech Lead",Shared a tough project and my problem-solving steps.,"I worked on a challenging project where I faced difficulties. To overcome these, I used critical thinking, team collaboration, and effective communication to find solutions. This helped us deliver the project successfully."
Can you describe a challenging project you worked on and how you used your problem-solving skills to achieve the goal?,System Design,Hard,Google,"Project Management, Problem Solving, Goal Achievement","Software Engineer, Project Manager, System Analyst",Shared a tough project and how I solved it to meet the goal.,"I worked on a challenging project where there were unexpected issues. To solve these problems, I utilized my problem-solving skills by breaking down the task into smaller parts, finding solutions for each part, and then combining them to achieve the overall goal."
Can you describe a challenging project you worked on and how you used your problem-solving skills to overcome the hurdles?,Coding,Hard,Apple,"Project Management, Problem Solving, Technical Challenges","Software Engineer, Project Manager, Developer, System Analyst",Shared a difficult project and how I solved its problems.,"I described a tough project I faced, explained the hurdles, and detailed how I used my problem-solving skills to overcome those challenges."
Can you describe a challenging project you worked on and how you utilized your problem-solving skills to complete it?,Technical,Hard,Persistent,"Project Management, Problem Solving, Team Collaboration","Software Developer, Project Manager, System Analyst","Shared a difficult project, explained how I solved problems to finish it.","I worked on a challenging project where I faced many issues. To overcome these obstacles, I used my problem-solving skills by collaborating with my team, researching solutions, and implementing effective strategies. This allowed us to complete the project successfully."
Can you describe a challenging project you worked on and the steps you took to overcome the difficulties faced?,Behavioral,Medium,Twistag,"Project Management, Problem Solving, Team Collaboration","Software Developer, Project Manager, System Analyst",Described a tough project and shared how I solved its challenges.,"I worked on a difficult project where we faced many obstacles. To overcome these difficulties, I organized the team, broke down tasks, and communicated effectively to ensure everyone understood their roles. We also implemented new strategies and tools to streamline our workflow. In the end, we successfully completed the project."
Can you describe a challenging project you worked on and the strategies you used to successfully complete it?,Technical,Medium,hubtelit,"Project Management, Problem Solving, Time Management","Software Developer, Project Manager, System Analyst",Shared a difficult project and strategies used to complete it successfully.,"I worked on a challenging project where the deadline was tight and the requirements were complex. To manage this, I broke down the project into smaller tasks, prioritized them based on their importance, and regularly communicated with my team members to ensure everyone was on the same page. This approach helped us deliver the project on time and meet all the client's expectations."
Can you describe a challenging project you worked on that required extensive problem-solving and how you managed it?,Analytical,Hard,KPMG,"Problem Solving, Project Management, Extensive Projects","Software Developer, Project Manager, System Analyst, Data Scientist",Shared a difficult project and how I tackled it.,"I worked on a challenging project that required extensive problem-solving. To manage it, I broke down the task into smaller parts, prioritized them, and collaborated with my team to find solutions for each part. We successfully completed the project by staying organized, communicating effectively, and maintaining a positive attitude."
Can you describe a challenging project you've completed and explain how you used your problem-solving skills to succeed?,Technical,Medium,Wipro,"Project Management, Problem Solving, Technical Skills","Software Engineer, Project Manager, Developer, IT Consultant","Shared a difficult project, explained how I overcame obstacles.","I discussed a tough project where I demonstrated my ability to strategize, analyze problems, and implement effective solutions. This showcases my adaptability and problem-solving skills."
Can you describe a challenging project you've completed and how your problem-solving skills contributed to its success?,Technical,Medium,Standard Bank of south Africa,"Project Management, Problem Solving, Technical Skills","Software Engineer, Project Manager, System Analyst, Developer","Shared a difficult project success story, highlighting problem-solving skills.","By discussing a challenging project I completed, I demonstrate my ability to manage complex tasks, think critically to overcome obstacles, and ultimately contribute to the project's success. This showcases my technical and interpersonal skills that are valuable in various IT roles."
Can you describe a challenging project you've completed and the problem-solving skills you used to successfully finish it?,Sql,Medium,Dye & Durham,"Project Management, Problem Solving, Technical Skills","Software Developer, Project Manager, System Analyst",Successfully completed a difficult project using effective problem-solving skills.,"I worked on a challenging project where I encountered numerous issues. To overcome these obstacles, I applied various problem-solving techniques such as breaking down the task into smaller parts, researching potential solutions, and collaborating with my team members. Ultimately, we were able to successfully complete the project."
Can you describe a challenging project you've handled and explain how your problem-solving skills contributed to its successful completion?,Coding,Medium,dream,"Project Management, Problem Solving, Team Collaboration","Software Developer, Project Manager, System Analyst",Successfully completed a difficult project using effective problem-solving skills.,"By working on a challenging project, I demonstrated my ability to manage tasks, overcome obstacles, and collaborate with others. This resulted in the successful completion of the project."
Can you describe a challenging project you've handled and explain the problem-solving techniques you used?,Technical,Medium,goTenna,"Project Management, Problem Solving Techniques","Software Developer, Project Manager, System Analyst",Shared a complex project I handled and my problem-solving steps.,"I once led a challenging software development project where the team faced multiple issues. To solve these problems, I broke down tasks into manageable parts, prioritized them based on their impact, and communicated effectively with the team. We successfully delivered the project on time by staying focused and adaptable."
Can you describe a challenging project you've handled and how you used your problem-solving skills to overcome the challenges?,Analytical,Medium,fna,"Project Management, Problem Solving, Technical Challenges","Software Engineer, Project Manager, System Analyst",Shared a tough project & how I solved its problems.,"I once worked on a difficult project where the code was complex and the deadlines were tight. To overcome these challenges, I broke down the project into smaller tasks, prioritized them based on their urgency, and tackled each one systematically. This approach helped me to manage my time effectively, identify issues quickly, and implement solutions that kept the project moving forward."
Can you describe a challenging project you've handled and the problem-solving strategies you implemented to successfully complete it?,Technical,Medium,Trissential,"Project Management, Problem Solving, Technical Challenges","Software Engineer, Project Manager, Developer, System Analyst",Shared a tough project and my solutions to overcome it.,"I handled a difficult project where I faced unexpected issues. To solve these problems, I broke down the task into smaller parts, prioritized them, and implemented effective strategies. This approach helped me successfully complete the project."
Can you describe a challenging project you've handled and the problem-solving strategies you used to complete it?,Technical,Hard,Amazon,"Project Management, Problem Solving, Technical Challenges","Software Engineer, Project Manager, System Analyst",Shared a difficult project and how I overcame obstacles to finish it,"I handled a challenging project where we faced unexpected issues. To solve these problems, I used critical thinking, collaboration, and persistence. We eventually completed the project successfully."
Can you describe a challenging project you've handled and the strategies you used to overcome those challenges?,Technical,Hard,State of Minnesota,"Project Management, Problem Solving, Team Collaboration","Software Developer, Project Manager, System Analyst",Shared a difficult project and strategies used to conquer obstacles,"I handled a challenging project where I faced issues such as tight deadlines, limited resources, and complex requirements. To overcome these challenges, I utilized effective communication with my team, prioritized tasks based on urgency, and applied innovative problem-solving techniques. This approach allowed us to deliver the project successfully despite the initial difficulties."
Can you describe a challenging project you've managed and demonstrate how your problem-solving skills contributed to its success?,Coding,Medium,JP Morgan,"Project Management, Problem Solving, Leadership","Project Manager, Software Engineer, Scrum Master",Shared a tough project & explained how I solved problems to achieve success.,"I managed a challenging project where we faced unexpected issues. By applying my problem-solving skills, I was able to find effective solutions that led to the project's successful completion."
Can you describe a challenging project you've managed and explain how you navigated difficulties to achieve the end goal?,Coding,Hard,Google,"Project Management, Problem Solving, Leadership","Project Manager, Software Engineer, Scrum Master, Product Manager",Shared a tough project I led and how I overcame obstacles to reach success.,"I managed a challenging project where the team faced technical issues and tight deadlines. To navigate these difficulties, I communicated clearly with my team, prioritized tasks effectively, and found creative solutions to overcome the technical challenges. In the end, we successfully delivered the project on time."
Can you describe a challenging project you've managed and explain how you overcame any obstacles that arose?,System Design,Hard,Eqvilent,"Project Management, Problem Solving, Leadership","Project Manager, Software Engineer, Scrum Master","Managed a complex project, overcame obstacles to meet deadline.","I once led a challenging project where we faced unexpected issues. To resolve these, I communicated effectively with my team, found innovative solutions, and ensured everyone stayed focused on our goal. Ultimately, we met the deadline despite the difficulties."
Can you describe a challenging project you've managed and explain how you used problem-solving skills to successfully complete it?,Behavioral,Medium,CVS,"Project Management, Problem Solving","Project Manager, Software Engineer, Scrum Master, Product Manager","Managed a difficult project, solved problems to finish on time.","I once led a challenging project where I encountered several issues. To resolve these problems, I applied critical thinking and collaboration, ultimately delivering the project successfully within the deadline."
Can you describe a challenging project you've managed and explain how you used your problem-solving skills to overcome difficulties?,Coding,Hard,Amazon,"Project Management, Problem Solving","Project Manager, Software Developer, IT Manager, Scrum Master",Shared a tricky project and explained how I solved problems along the way.,"I once managed a challenging project where we faced numerous obstacles. To overcome these difficulties, I applied my problem-solving skills by breaking down complex issues into smaller, manageable tasks. By doing so, I was able to identify solutions more effectively and ensure the successful completion of the project."
Can you describe a challenging project you've managed and explain your approach to overcoming the difficulties encountered?,Behavioral,Medium,Sourcing Connections,"Project Management, Problem Solving, Leadership","Project Manager, Software Engineer, Scrum Master","Shared a difficult project, explained how I tackled its challenges.","I described a tough project I managed and shared my approach to overcoming the difficulties I faced. For example, when faced with limited resources, I prioritized tasks effectively, ensuring that essential work was completed first. When dealing with team conflicts, I facilitated open communication and encouraged collaboration to find solutions."
Can you describe a challenging project you've managed and how did you ultimately drive it to success?,Coding,Medium,Neel Tech,"Project Management, Leadership, Problem Solving","Project Manager, Team Lead, Software Engineer, Product Manager","Managed a difficult project, turned it into success.","I once led a challenging project where we faced unexpected obstacles. By effectively communicating with my team, adapting to changes, and utilizing problem-solving skills, I was able to guide the project to a successful completion."
Can you describe a challenging project you've managed and how you implemented problem-solving techniques to successfully complete it?,Coding,Medium,Lobb,"Project Management, Problem Solving, Technical Leadership","Project Manager, Software Engineer, Team Lead, Scrum Master",Shared a difficult project I led and how I used problem-solving skills to finish it.,"I discussed a tough project I managed, explaining the techniques I employed to overcome obstacles and eventually complete the project successfully."
Can you describe a challenging project you've managed and how you navigated through the difficulties you faced?,Technical,Medium,insight,"Project Management, Problem Solving, Team Collaboration","Project Manager, Software Engineer, Scrum Master, Product Manager","Shared a tough project, explained how I overcame obstacles.","I managed a challenging project where the timeline was tight and resources limited. To navigate through these difficulties, I worked closely with my team, prioritized tasks effectively, and found creative solutions to meet our deadlines."
Can you describe a challenging project you've managed and how you used your problem-solving skills to ensure its success?,Technical,Hard,Palo Alto,"Project Management, Problem Solving","Project Manager, Software Engineer, Product Manager","Managed a difficult project, solved problems to ensure success.","I managed a challenging project where I faced numerous issues. To overcome these challenges, I utilized my problem-solving skills by breaking down the project into manageable tasks, communicating effectively with the team, and finding innovative solutions for each obstacle. This approach ensured the successful completion of the project."
Can you describe a challenging project you've managed and how you utilized problem-solving skills to ensure its success?,Coding,Hard,LTImindtree,"Project Management, Problem Solving","Project Manager, Software Engineer, Scrum Master, Product Manager","Managed a difficult project, using problem-solving skills to ensure success.","I once led a challenging project where we faced unexpected issues. To overcome these obstacles, I applied my problem-solving skills by breaking down the problem into smaller parts, brainstorming solutions with my team, and implementing the best solution step-by-step. This approach allowed us to successfully complete the project."
Can you describe a challenging project you've managed and illustrate your problem-solving methodology?,System Design,Hard,NI,"Project Management, Problem Solving Methodology","Software Engineer, Project Manager, Scrum Master, Product Manager",Shared a tough project I led and my step-by-step approach to solving problems.,"In this question, the interviewer wants to know about your experience managing projects and how you solve complex problems. I'd share an example of a challenging project I handled, explain the issues that arose, and detail the steps I took to address each problem. This demonstrates my ability to handle difficult situations and think critically."
Can you describe a challenging project you've managed and outline the steps you took to overcome its difficulties?,Technical,Hard,Capital One,"Project Management, Problem Solving, Time Management","Project Manager, Software Developer, Scrum Master, IT Manager",Shared a tough project and steps taken to solve its problems.,"I managed a challenging project where we faced unexpected issues. I broke down the problem, prioritized tasks, communicated effectively with my team, and implemented solutions step by step until we successfully overcame the difficulties."
Can you describe a challenging project you've managed and the problem-solving methods you applied?,Technical,Medium,Thor Industries,"Project Management, Problem Solving, Leadership","Software Engineer, Project Manager, Scrum Master, Product Manager",Shared a difficult project I led and how I tackled its challenges.,"I managed a challenging project where we faced unexpected issues. To solve these problems, I applied critical thinking, collaborated with my team, and utilized effective communication to ensure the project's success."
Can you describe a challenging project you've managed and the problem-solving strategies you implemented to ensure its success?,Technical,Hard,Beeline,"Project Management, Problem Solving, Leadership","Project Manager, Software Engineer, Scrum Master, Product Manager",Shared a tough project I led and how I solved its challenges.,"I managed a challenging project where the team faced technical difficulties. To ensure success, I implemented problem-solving strategies such as breaking down tasks into smaller parts, prioritizing critical issues, and fostering open communication with my team members."
Can you describe a challenging project you've managed and the problem-solving strategies you utilized to achieve the goals?,Technical,Hard,AMAZON,"Project Management, Problem Solving, Goal Achievement","Project Manager, Software Developer, IT Manager, Scrum Master",Shared a difficult project and strategies used to reach the goal.,"I managed a challenging project where I faced unexpected issues. To solve these problems, I utilized a combination of effective communication, prioritization, and adaptability. By staying flexible and proactive, I was able to successfully complete the project and achieve our goals."
Can you describe a challenging project you've managed and the strategic problem-solving steps you utilized?,Analytical,Medium,Alfred Health,"Project Management, Problem Solving, Strategic Thinking","Project Manager, Software Engineer, Product Manager, Scrum Master",Shared a difficult project and solutions I used to overcome obstacles.,"I managed a challenging project where we faced unexpected issues. To solve these problems, I utilized strategic steps such as breaking down the task into smaller parts, prioritizing critical tasks, communicating effectively with my team, and finding innovative solutions. This approach helped us complete the project successfully."
Can you describe a challenging project you've managed and the strategies you employed to ensure its success?,Analytical,Medium,Bayer,"Project Management, Problem Solving, Leadership","Project Manager, Software Engineer, Scrum Master, Product Manager",Shared a difficult project I led and the tactics used to make it thrive.,"I once managed a challenging project where we faced unexpected issues. To ensure its success, I employed strategies like clear communication, setting achievable milestones, and fostering teamwork. By staying adaptable and focused on our goals, we were able to overcome obstacles and deliver the project on time."
Can you describe a challenging project you've managed and the strategies you used to ensure its successful completion?,Technical,Medium,Government of New Brunswick,"Project Management, Problem Solving, Leadership","Project Manager, Software Engineer, Scrum Master, Product Manager",Shared a difficult project I managed and the tactics used to ensure its success.,"I once led a challenging project where the deadline was tight, resources were limited, and requirements kept changing. To ensure successful completion, I broke down the project into manageable tasks, communicated clearly with team members, prioritized tasks based on urgency, and regularly monitored progress to adjust as needed."
Can you describe a challenging project you've managed and the strategies you used to lead it to success?,Coding,Hard,American Credit Acceptance,"Project Management, Leadership, Problem Solving","Project Manager, Team Lead, Senior Developer",Shared a difficult project I led and how I ensured its success.,"When faced with a tough project, I broke it down into manageable tasks, communicated clearly with my team, and used problem-solving skills to overcome obstacles. This approach helped me lead the project to a successful conclusion."
Can you describe a challenging project you've managed and the strategies you used to successfully complete it?,Coding,Hard,Microsoft,"Project Management, Problem Solving, Leadership","Project Manager, Software Engineer, Scrum Master",Managed a difficult project using effective communication and problem-solving strategies.,"I once led a challenging project where the team faced numerous obstacles. To overcome these, I ensured clear and consistent communication with all team members, fostered an environment of open problem-solving, and implemented flexible yet realistic timelines to meet our goals."
"Can you describe a challenging project you've managed, the steps you took to overcome challenges and its outcome?",Behavioral,Hard,Amazon,"Project Management, Problem Solving, Leadership","Project Manager, Software Engineer, Scrum Master","Managed a difficult project, solved problems, and achieved success.","I was responsible for managing a challenging project where we faced numerous obstacles. To overcome these challenges, I broke down the project into manageable tasks, communicated effectively with my team, and utilized problem-solving skills to find creative solutions. As a result, we successfully completed the project on time and within budget."
Can you describe a challenging project you've worked on and explain how you implemented problem-solving skills to overcome the hurdles?,Coding,Medium,The Hired Guns,"Project Management, Problem Solving, Technical Challenges","Software Engineer, Project Manager, Developer",Shared a tough project and how I solved its problems.,"I worked on a complex project where there were multiple issues. To overcome these hurdles, I applied problem-solving skills such as breaking down the problem into smaller parts, researching potential solutions, testing those solutions, and iterating until I found the best one."
Can you describe a challenging project you've worked on and explain how you resolved any difficulties encountered?,Technical,Medium,XX,"Project Management, Problem Solving, Team Collaboration","Software Developer, Project Manager, System Analyst","Shared a tough project, found solutions together.","Worked on a difficult project where I faced challenges such as tight deadlines and limited resources. To resolve these difficulties, I collaborated with my team members to brainstorm ideas, prioritize tasks, and find innovative solutions. As a result, we successfully completed the project within the given timeline."
Can you describe a challenging project you've worked on and explain how you used your problem-solving skills to overcome difficulties?,Technical,Hard,Meta,"Project Management, Problem Solving, Technical Challenges","Software Developer, Project Manager, System Analyst",Shared a tough project and explained how I solved problems.,"I worked on a challenging project where I faced difficulties. To overcome these, I applied my problem-solving skills by breaking down the issue into smaller parts, researching solutions, and collaborating with team members. This approach helped us to successfully complete the project."
Can you describe a challenging project you've worked on and how you applied problem-solving techniques to overcome the hurdles?,Technical,Hard,Wipro,"Project Management, Problem Solving, Technical Challenges","Software Engineer, Project Manager, Developer, IT Consultant",Shared a tough project and how I solved problems effectively.,"I worked on a difficult project where we faced unexpected issues. To overcome these hurdles, I applied problem-solving techniques like breaking down the issue into smaller parts, researching solutions, collaborating with team members, and testing potential fixes until we found a viable solution."
Can you describe a challenging project you've worked on and how you applied problem-solving techniques to successfully complete it?,Technical,Hard,VISA,"Project Management, Problem Solving, Technical Challenges","Software Developer, Project Manager, System Analyst",Shared a complex project and how I solved problems to finish it on time.,"I worked on a difficult software development project where we faced unexpected issues. To solve these, I applied critical thinking, collaborated with my team, and researched effective problem-solving techniques. By doing so, we were able to overcome the challenges and successfully complete the project."
Can you describe a challenging project you've worked on and how you used your problem-solving skills to overcome obstacles?,Technical,Hard,Security Innovation,"Project Management, Problem Solving, Team Collaboration","Software Developer, Project Manager, System Analyst","Shared a difficult project, explained how I solved problems.","I worked on a tough project where we faced many challenges. To overcome these obstacles, I used my problem-solving skills by collaborating with my team, researching solutions, and implementing effective strategies. This resulted in the successful completion of the project."
Can you describe a challenging project you've worked on and how you utilized problem-solving skills to successfully complete it?,Coding,Medium,airSlate,"Project Management, Problem Solving, Technical Challenges","Software Engineer, Project Manager, Developer, IT Consultant",Shared a difficult project and explained how I overcame obstacles to succeed.,"I worked on a challenging project where I faced numerous problems. To solve these issues, I applied my problem-solving skills, collaborated with my team, and ultimately completed the project successfully."
Can you describe a challenging project you've worked on and how your problem-solving skills contributed to its success?,Behavioral,Medium,Hogan Lovells,"Project Management, Problem Solving, Team Collaboration","Software Developer, Project Manager, System Analyst, Engineer",Successfully completed a difficult project using effective problem-solving skills.,"I worked on a challenging project where I had to find solutions for unexpected problems. By collaborating with my team, we were able to overcome these obstacles and ultimately deliver the project successfully."
Can you describe a challenging project you've worked on and the problem-solving techniques you used to overcome the difficulties?,Analytical,Medium,The University of California Agriculture and Natural Resources (UC ANR),"Project Management, Problem Solving, Technical Challenges","Software Engineer, Project Manager, Developer, IT Consultant",Shared a tough project and how I tackled its issues.,"I worked on a difficult project where the code was complex and unorganized. To solve this, I broke down the problem into smaller tasks, prioritized them, and worked diligently to complete each one. By doing so, I was able to refactor the code, making it more efficient and easier to maintain."
Can you describe a challenging project you’ve managed and how you adapted your problem-solving approach to achieve success?,Behavioral,Hard,Google,"Project Management, Problem Solving, Adaptability","Project Manager, Software Engineer, Product Manager, Scrum Master",Shared a difficult project and how I overcame obstacles to succeed.,"I managed a challenging project where things didn't go as planned. To adapt, I changed my problem-solving approach by researching new methods, collaborating with team members, and staying flexible. This helped me find solutions that ultimately led to the project's success."
Can you describe a challenging project you’ve worked on and how you applied your problem-solving skills to it?,Analytical,Medium,UChicago Investment Banking Group,"Project Management, Problem Solving, Technical Challenges","Software Engineer, Project Manager, System Analyst",Shared a difficult project and problem-solving steps.,"I worked on a challenging project where I faced unexpected issues. To solve these problems, I applied my analytical skills by breaking down the challenge into smaller tasks, researching potential solutions, and collaborating with my team to implement the best approach. This resulted in successfully overcoming the obstacles and completing the project."
Can you describe a challenging scenario where you had to employ critical thinking and problem-solving skills in your previous role?,Technical,Medium,MultiCare,"Critical Thinking, Problem Solving","Software Developer, Systems Analyst, Project Manager, Data Scientist",Shared a solution for a complex issue at work.,"Told about a difficult situation at work where I had to think deeply and creatively to find a solution. This could involve debugging a tricky piece of code, troubleshooting a system failure, or making a strategic decision that affected the project's success."
Can you describe a challenging scenario where you used advanced problem-solving skills to achieve a positive outcome?,Technical,Hard,hamilton-wentworth-catholic-district-school-board,"Advanced Problem Solving, Project Management","Software Engineer, Systems Analyst, Data Scientist",Solved a complex software issue with innovative thinking.,"I remember a time when I was working on a project and encountered an advanced problem that required creative solutions. The challenge was to optimize the performance of our application, which had become slow due to a large data set. After brainstorming and researching various techniques, I implemented a new algorithm that significantly improved the speed and efficiency of the application. This not only resolved the issue but also enhanced the overall user experience."
Can you describe a challenging situation at work and how you effectively resolved it using your problem-solving skills?,Behavioral,Medium,Altria,"Problem Solving, Project Management, Team Collaboration","Software Engineer, System Administrator, Project Manager, DevOps Engineer",Resolved a complex work issue using effective problem-solving skills.,"I once faced a difficult situation at work where our project was delayed due to a technical glitch. I gathered my team, analyzed the problem, and proposed a solution that involved rewriting some code and implementing a new testing process. We successfully resolved the issue, completed the project on time, and learned valuable lessons about troubleshooting and collaboration."
Can you describe a challenging situation at work and how you used critical problem-solving skills to resolve it?,Analytical,Medium,New York State Department of Taxation and Finance,"Problem Solving, Critical Thinking, Project Management","Software Engineer, Systems Analyst, Project Manager, IT Consultant",Shared a tricky work dilemma and explained how I solved it smartly.,"I once faced a difficult situation at work where a project was behind schedule. Using critical thinking, I broke down the problem into smaller tasks, identified potential solutions, and prioritized them based on their impact and feasibility. I then implemented my chosen solution, which helped us get back on track and complete the project successfully."
Can you describe a challenging situation at work and how you used your problem-solving skills to address it?,System Design,Hard,Boldyn Networks,"Problem Solving, Project Management","Software Engineer, IT Project Manager, System Analyst",Shared a tricky work issue and explained my solution.,"I faced a difficult situation at work, such as a project delay or technical glitch. To resolve it, I applied my problem-solving skills by analyzing the issue, brainstorming potential solutions, and implementing the best one. This approach allowed me to successfully overcome the challenge."
Can you describe a challenging situation at work and how you used your problem-solving skills to resolve it?,System Design,Hard,EnergyHub,"Problem Solving, Project Management, Collaboration","Software Engineer, Project Manager, System Analyst",Shared a difficult work problem and explained my solution.,"I described a tough situation at work, explained the steps I took to identify the issue, and detailed how I used my problem-solving skills to find a resolution. This question is often asked to gauge a candidate's ability to think critically and work effectively under pressure."
Can you describe a challenging situation from a previous job and explain how you used critical problem-solving skills to resolve it?,Behavioral,Hard,Google,"Problem Solving, Critical Thinking","Software Engineer, Project Manager, System Analyst",Shared a difficult work situation and explained how I solved it.,"In this question, the interviewer wants to know about your ability to handle challenging situations at work. They're interested in understanding how you apply critical thinking skills to solve problems. For example, if you were a software engineer and encountered an unexpected error in your code, you might explain how you traced the issue, identified its cause, and implemented a solution."
Can you describe a challenging situation in a past role and how you handled it with your problem-solving skills?,Coding,Medium,Deloitte,"Problem Solving, Project Management, Communication","Software Engineer, Project Manager, System Analyst",Shared a tough project challenge and explained my solution.,"I described a difficult situation I faced in a previous role, such as a project delay or technical issue. Then, I explained how I used problem-solving skills to address the challenge, possibly by collaborating with team members, implementing new strategies, or finding innovative solutions."
Can you describe a challenging situation in a previous job and how you applied your problem-solving skills to address it?,Technical,Hard,Exafluence,"Problem Solving, Project Management, Communication","Software Engineer, Systems Analyst, Project Manager",Shared a difficult work situation and how I solved it using my skills.,"I described a challenging scenario at work, explained the problem, detailed the steps I took to analyze and solve it, and concluded with the positive outcome. This demonstrates my ability to handle complex situations, manage projects effectively, and communicate clearly."
Can you describe a challenging situation in which your problem-solving skills significantly benefited your previous company?,Product Design,Medium,Quorum,"Problem Solving, Project Management","Software Engineer, System Analyst, Project Manager","Solved a critical system issue, saving my company time and money.","I was tasked with resolving an unexpected error in our production system. By applying my problem-solving skills, I identified the root cause, implemented a fix, and successfully restored the system within the deadline. This resulted in significant cost savings and minimal downtime for the company."
Can you describe a challenging situation where you applied your problem-solving skills to achieve a positive outcome?,Analytical,Medium,IG Group,"Problem Solving, Project Management","Software Engineer, Project Manager, Data Analyst",Overcame a difficult problem using my skills.,"I was faced with a complex issue at work that required innovative thinking and effective project management. By breaking down the problem, brainstorming solutions, and implementing a step-by-step plan, I successfully resolved the issue and improved our team's productivity."
Can you describe a challenging situation where you applied your problem-solving skills to implement a successful technical solution?,Analytical,Hard,State Street,"Problem Solving, Technical Solutions, Implementation","Software Engineer, Systems Analyst, DevOps Engineer",Solved a tough tech problem with smart thinking.,"I once faced a challenging situation where I had to implement a technical solution. For instance, let's say there was an issue with our server response times that needed immediate attention. To solve this problem, I applied my critical thinking skills and came up with a solution like optimizing the server code or using caching techniques. After implementing these changes, the server response time significantly improved, resulting in a successful resolution of the issue."
"Can you describe a challenging situation where you had to apply your problem-solving skills, and what was the outcome?",Analytical,Medium,Boehringer Ingelheim,"Problem Solving, Critical Thinking","Software Engineer, Systems Analyst, Project Manager",Described a tough coding issue and how I fixed it.,"I once encountered a complex bug in a software project. By breaking down the problem, researching possible solutions, and testing my ideas, I was able to identify the root cause and implement a fix. This resulted in the successful resolution of the issue."
Can you describe a challenging situation where you had to use problem-solving skills to achieve a work objective?,System Design,Hard,Upstart,"Problem Solving, Project Management","Software Engineer, Project Manager, Data Analyst",Shared a tricky work goal and used smart thinking to overcome it.,"I recall a time when I faced a challenging situation at work where I had to apply problem-solving skills to achieve an objective. For instance, I was working on a project with tight deadlines, and the software we were using suddenly stopped functioning. Instead of panicking, I broke down the issue into smaller parts, researched potential solutions, and eventually found a workaround that allowed us to complete the project on time."
Can you describe a challenging situation where you had to use your problem-solving skills to complete a task?,Analytical,Medium,Gainwell,"Problem Solving, Project Management","Software Developer, Project Manager, System Analyst",Tackled a tricky task using smart thinking.,"I once faced a situation where I had to find a solution for an unexpected issue in a project. By breaking down the problem, brainstorming potential solutions, and testing them one by one, I was able to successfully resolve it."
Can you describe a challenging situation where you had to use your problem-solving skills to find a solution?,Analytical,Medium,"Akraya, Inc.","Problem Solving, Critical Thinking","Software Engineer, System Analyst, Project Manager","Shared a tricky issue, solved it with smart thinking.",Told about a difficult situation where I applied my problem-solving skills to find an effective solution. This demonstrates my ability to think critically and make sound decisions.
"Can you describe a challenging situation where you had to use your problem-solving skills, and how you resolved it?",Analytical,Medium,Fifth Third Bank,"Problem Solving, Critical Thinking","Software Developer, Systems Analyst, Project Manager",Described a tough problem and how I solved it.,"I once faced a complex issue at work where our application was experiencing unexpected errors. By breaking down the problem, researching potential solutions, and implementing changes step-by-step, I successfully resolved the issue and restored the application's functionality."
Can you describe a challenging situation where you successfully implemented your problem-solving skills to achieve a desired outcome?,Coding,Hard,Netflix,"Problem Solving, Project Management","Software Engineer, Project Manager, System Analyst",Successfully resolved a complex issue using innovative strategies.,"I once faced a difficult situation where a project was at risk due to a technical glitch. By applying my problem-solving skills, I identified the root cause, devised an effective solution, and successfully implemented it, ultimately saving the project."
Can you describe a challenging situation where you successfully used your critical thinking skills to solve a problem?,Technical,Hard,Federal Government,"Critical Thinking, Problem Solving","Software Engineer, Data Analyst, Project Manager, System Administrator",Solved a complex issue using logic and creativity.,"I once faced a situation where our server was down, causing a service outage. I analyzed the problem, identified the root cause (a misconfigured firewall rule), and resolved it by adjusting the settings. This required me to use my critical thinking skills to diagnose and solve the issue effectively."
Can you describe a challenging situation where you used critical thinking skills to develop a solution?,Technical,Hard,Service Now,"Critical Thinking, Problem Solving","Software Engineer, Project Manager, Data Analyst, Systems Administrator",Shared a solution for an unexpected system failure.,"Told about a time when I encountered a difficult problem, thought through the steps to identify possible solutions, and implemented a plan that successfully resolved the issue. This situation required careful consideration and logical reasoning."
Can you describe a challenging situation where you utilized your problem-solving skills to achieve a positive outcome?,System Design,Hard,Experian,"Problem Solving, Project Management","Software Engineer, Project Manager, Data Analyst, Systems Administrator",Solved a complex database issue to meet project deadline.,"I once faced a situation where our project's database was not functioning properly, causing delays in our software development. I utilized my problem-solving skills by breaking down the issue into smaller parts, researching potential solutions, and testing each one until I found the correct fix. This allowed us to meet our project deadline and successfully deliver the software on time."
Can you describe a challenging situation where your problem-solving skills significantly influenced the outcome?,Coding,Medium,Inovalon,"Problem Solving, Project Management","Software Developer, Systems Analyst, Project Manager",Shared a solution that saved a project from failure.,"I once faced a difficult situation where our team was struggling to meet a tight deadline due to an unexpected issue. By applying my problem-solving skills, I identified the root cause of the problem, proposed a solution, and led the team in implementing it. This not only helped us complete the project on time but also improved its overall quality."
Can you describe a challenging situation which required you to use your problem-solving skills and how you resolved it?,Sql,Hard,RockStar Games,"Problem Solving, Project Management","Software Developer, Systems Analyst, Project Manager",Fixed a difficult bug in a project by breaking it down and tackling parts step-by-step.,"I encountered a challenging situation where a critical software bug was causing issues in our project. To resolve this, I first analyzed the problem thoroughly to understand its root cause. Then, I broke it down into smaller, manageable tasks and worked through each one systematically until I found a solution that resolved the issue."
"Can you describe a challenging situation you encountered in your previous role, how you approached it and what alternative solutions you considered?",Technical,Hard,Amazon Web Services (AWS),"Problem Solving, Project Management, Decision Making","Software Developer, System Administrator, Project Manager, IT Consultant","Shared a tricky situation, steps taken, and alternative ideas.","I'll share an example of a difficult situation I faced in my previous job. I'll explain how I tackled it, the strategies I used, and some other options I considered."
Can you describe a challenging situation you faced at work and how you applied effective problem-solving skills to overcome it?,Behavioral,Hard,CoT,"Problem Solving, Project Management, Workplace Challenges","Software Engineer, Project Manager, System Analyst",Shared a tough work problem and explained how I found a solution.,"I described a difficult situation at work, then shared the steps I took to analyze the issue, develop a plan, implement it, and achieve a successful resolution."
Can you describe a challenging situation you faced at your previous job and how you used problem-solving skills to handle it?,Sql,Hard,Navisite,"Problem Solving, Project Management, Communication","Software Engineer, Project Manager, System Analyst, IT Consultant",Shared a tough work issue and explained how I solved it.,"I described a difficult situation at my previous job, such as a project delay or technical problem. Then, I explained the steps I took to solve the problem, emphasizing effective communication, critical thinking, and finding creative solutions."
Can you describe a challenging situation you faced in a previous role and explain how you managed to resolve it?,Behavioral,Hard,Memorial Hermann Health System,"Problem Solving, Time Management, Conflict Resolution","Software Developer, Project Manager, Systems Analyst, IT Support Specialist",Shared a difficult work situation and explained how I found a solution.,"I described a tough challenge at work, then explained the steps I took to overcome it. This demonstrates my ability to handle complex situations effectively."
Can you describe a challenging situation you faced in your previous job and how you handled it using your problem-solving skills?,Technical,Hard,DIVERSE LYNX,"Problem Solving, Project Management, Workplace Challenges","Software Engineer, Project Manager, System Analyst",Shared a difficult work situation and how I solved it.,"I explained a tough problem I faced at work, then detailed the steps I took to overcome it using my problem-solving skills. This demonstrates my ability to handle challenges effectively."
Can you describe a challenging situation you faced in your previous role and how you used problem-solving skills to resolve it?,Sql,Medium,Dye & Durham,"Problem Solving, Project Management","Software Engineer, Systems Analyst, Project Manager",Shared a difficult work situation and how I overcame it using problem-solving skills.,"In my previous role, I encountered a challenging situation where our project was delayed due to unexpected issues. To resolve this, I applied problem-solving techniques by identifying the root cause, brainstorming solutions with my team, and implementing the best solution we found. This helped us get back on track and complete the project successfully."
Can you describe a challenging situation you've encountered in your previous role and how you applied problem-solving skills to resolve it?,Behavioral,Medium,Accusoft,"Problem Solving, Project Management","Software Engineer, Systems Analyst, Project Manager",Shared a difficult work challenge and my solution.,"I was faced with a tough situation at work, but I used problem-solving skills to find a solution. For example, if there was a software bug that caused issues for our customers, I would analyze the problem, research potential solutions, test those solutions, and finally implement the one that worked best."
Can you describe a challenging situation you've faced and how you used your problem-solving skills to overcome it?,Coding,Medium,Amazon web services,"Problem Solving, Project Management","Software Developer, Systems Analyst, Project Manager",Shared a tough project challenge and explained how I solved it.,"I described a difficult situation I faced at work, such as a project delay or technical issue. Then, I explained the steps I took to analyze the problem, brainstorm solutions, implement my chosen solution, and finally, resolve the issue."
"Can you describe a challenging software bug you've encountered, and explain the process you used to identify and debug it?",Technical,Medium,Weel,"Software Bugs, Debugging, Problem Solving","Software Developer, Quality Assurance Engineer, DevOps Engineer",Shared a tough bug I fixed in code.,"I encountered a challenging software issue where the program wouldn't run as expected. To identify and resolve it, I followed these steps: 1) Reproduced the problem to understand its cause, 2) Analyzed the system logs for clues, 3) Isolated the affected code section, 4) Debugged using various techniques like print statements or stepping through the code, 5) Fixed the bug and tested the solution, 6) Verified that the fix resolved the issue."
Can you describe a challenging software development problem you faced and explain how you overcame it?,Technical,Hard,Experian,"Software Development Lifecycle, Problem Solving, Debugging","Software Developer, Senior Software Engineer, Full Stack Developer",Recounted a tough coding hurdle and shared the solution.,"I once faced an issue where my code was crashing unexpectedly. I found out it was due to a memory leak. To fix it, I refactored the code using better memory management techniques."
"Can you describe a challenging tax return preparation experience, the associated difficulties, how you resolved them, and the lessons learned for future practices?",Technical,Hard,Intuit,"Tax Preparation, Problem Solving, Accounting","Tax Accountant, Financial Analyst, Auditor","Shared a tough tax return experience, how I overcame it, and lessons learned.","I once had to prepare a complex tax return with numerous deductions and adjustments. It was difficult as the client had multiple businesses in different states. To resolve this, I consulted with a tax expert and double-checked my calculations. The lesson learned is to always verify and reverify, especially when dealing with intricate tax situations."
"Can you describe a challenging tax return you prepared, the factors that made it difficult, how you addressed those issues, and what lessons you learned for future situations?",Technical,Medium,Intuit,"Tax Preparation, Problem Solving, Time Management","Tax Accountant, Financial Analyst, Auditor","Shared a tough tax return case, how I tackled it, and what I learned.","I prepared a complex tax return due to multiple business entities and international transactions. The challenge was ensuring accuracy while meeting deadlines. To address these issues, I utilized tax software, consulted with experts when needed, and maintained meticulous records. Lessons learned include the importance of thorough planning and seeking help when necessary."
Can you describe a challenging team project you handled and how you applied your problem-solving skills to achieve success?,Technical,Medium,Unisys,"Project Management, Problem Solving, Teamwork","Software Engineer, Project Manager, Scrum Master","Managed a complex project, using problem-solving skills to ensure success.","I once led a team on a difficult software development project. We faced numerous challenges such as tight deadlines and unforeseen technical issues. To overcome these obstacles, I applied my problem-solving skills by breaking down the project into smaller tasks, prioritizing them effectively, and communicating clearly with my team members. This approach allowed us to deliver the project on time and meet our client's expectations."
Can you describe a challenging team project you worked on and how you applied your problem-solving skills to ensure its success?,Analytical,Medium,Prime Therapeutics,"Project Management, Problem Solving, Teamwork","Software Developer, Project Manager, Scrum Master",Tackled a tough team project using effective problem-solving skills.,"I worked on a challenging project where our team faced numerous obstacles. I applied my problem-solving skills by breaking the issue into smaller parts, finding solutions for each part, and then integrating them back together. This approach ensured that we completed the project successfully."
Can you describe a challenging technical implementation during your professional career and explain how you resolved it?,Analytical,Hard,Deloitte,"Technical Implementation, Problem Solving, Project Management","Software Engineer, Systems Analyst, DevOps Engineer",Shared a difficult coding issue and found a solution.,"I once faced a complex technical challenge during a project where the code was not functioning as expected. After analyzing the problem, I identified an error in the logic, which I corrected by rewriting certain sections of the code. This resulted in the successful implementation of the project."
Can you describe a challenging technical implementation you led and how you overcame the difficulties?,System Design,Hard,Charles Schwab,"Technical Leadership, Project Management, Problem Solving, Implementation","Software Engineer, Team Lead, Project Manager, Senior Developer","Led a complex system upgrade with limited resources, overcoming obstacles through innovation and teamwork.","I led a team in implementing a challenging technical project, where we faced resource constraints. To overcome these difficulties, I encouraged innovative problem-solving among the team members, fostering collaboration to find efficient solutions. As a result, we successfully upgraded the system despite our initial limitations."
Can you describe a challenging technical issue you resolved and explain the steps you took in your problem-solving process?,Technical,Hard,Amazon,"Problem Solving, Technical Troubleshooting, Issue Resolution","Software Developer, Systems Engineer, IT Support Specialist",Shared a resolved technical challenge and problem-solving steps.,"I faced an issue with a database connection, which I resolved by identifying the root cause (a misconfigured firewall), troubleshooting the problem step-by-step, and finally fixing it. This process involved research, testing solutions, and collaboration with my team."
Can you describe a challenging technical issue you've resolved demonstrating your problem-solving and analytical abilities?,Technical,Medium,Doyensec,"Problem Solving, Analytical Skills, Technical Issue Resolution","Software Engineer, Systems Analyst, DevOps Engineer, IT Project Manager","Resolved a complex technical issue, showcasing problem-solving skills.","I once encountered a difficult technical challenge at work. By breaking down the problem, analyzing its root cause, and applying appropriate solutions, I was able to successfully resolve it. This experience demonstrates my ability to tackle complex problems and think analytically."
Can you describe a challenging technical issue you've solved and the approach you took to address it?,Analytical,Hard,Federal Bureau of Investigation,"Problem Solving, Technical Troubleshooting, Coding, Algorithm Design","Software Engineer, Systems Analyst, DevOps Engineer, Senior Developer",Shared a tricky coding problem and my method to overcome it.,"I once faced a complex technical issue where the code I was working on wasn't functioning as expected. To solve this, I broke down the problem into smaller parts, identified the root cause, applied an algorithmic approach, and successfully resolved the issue."
Can you describe a challenging technical problem you encountered in your previous role and how you resolved it?,Behavioral,Hard,Dataplor,"Technical Problem-Solving, Troubleshooting, Programming","Software Engineer, Systems Analyst, DevOps Engineer",Shared a tricky coding issue and explained the solution.,"I once faced an issue where my code was causing unexpected results. I debugged the problem, found that a variable wasn't being initialized properly, and fixed it by ensuring all variables were set before use."
Can you describe a challenging technical problem you encountered in your previous role and how you solved it?,Technical,Hard,Prisma cloud Engineer,"Problem Solving, Technical Challenges, Troubleshooting","Software Developer, Systems Engineer, DevOps Engineer",Shared a complex issue and explained my solution.,"I once faced a difficult technical problem in my previous role. The issue was with our database performance, which was affecting the application's speed. To solve it, I analyzed the database logs, identified the bottlenecks, and implemented optimizations such as indexing and query optimization. These changes significantly improved the database performance and resolved the issue."
Can you describe a challenging technical problem you faced and how you implemented a successful solution?,Technical,Medium,Lululemon,"Problem Solving, Technical Challenges, Project Management","Software Engineer, System Analyst, IT Project Manager",Described a tough tech problem and shared the solution I implemented.,"I faced a difficult technical issue, but through careful analysis and strategic planning, I was able to come up with an effective solution. This experience demonstrates my ability to handle complex problems and deliver successful results."
Can you describe a challenging technical problem you faced and how you resolved it?,Technical,Hard,Splunk,"Problem Solving, Technical Challenges, Troubleshooting","Software Engineer, Systems Analyst, DevOps Engineer",Shared a difficult technical issue and how it was fixed.,"I once faced a problem where the application I was working on kept crashing. After debugging, I found that there was an error in the database connection. I resolved this by refactoring the code to handle exceptions better, which prevented the application from crashing again."
Can you describe a challenging technical problem you faced at your previous job and explain how you solved it?,System Design,Hard,Asked at,"Technical Problem Solving, Troubleshooting, Programming, Coding","Software Engineer, Systems Analyst, DevOps Engineer, IT Project Manager",Shared a complex coding issue and explained my solution.,"I faced a tricky technical problem at work where the application I was developing had frequent crashes. After debugging, I found that there were memory leaks in the code. To solve this, I refactored certain sections of the code to optimize memory usage and the application has been running smoothly since."
Can you describe a challenging technical problem you have faced and how you utilized your problem-solving skills to address it?,Coding,Hard,Amazon,"Problem Solving, Technical Challenges","Software Developer, System Engineer, IT Project Manager",Shared a tough tech problem and my solution approach.,"I once faced a difficult technical issue and used my problem-solving skills to tackle it. For instance, I encountered an error in the code that caused our system to crash frequently. To resolve this, I analyzed the issue, identified the root cause, and implemented a fix by refactoring certain parts of the code. This improved the system's stability significantly."
Can you describe a challenging technical problem you solved and the approach you used to resolve it?,Behavioral,Hard,FGV Holdings,"Problem Solving, Technical Problem Analysis, Coding, Debugging","Software Engineer, Systems Analyst, DevOps Engineer, Full Stack Developer",Solved a complex coding issue using debugging techniques.,"I encountered a difficult technical problem while developing software. I analyzed the issue, identified the root cause, and used debugging tools to resolve it by modifying the code."
Can you describe a challenging technical problem you solved and the methods you used to tackle it?,Analytical,Hard,Ingram Micro,"Problem Solving, Technical Problem Analysis, Coding, Algorithm Design","Software Engineer, Senior Developer, System Architect, IT Consultant",Described a complex issue and how it was solved using smart methods.,"I once faced a difficult technical problem where the system was slow due to inefficient data processing. To tackle this, I analyzed the issue, designed an efficient algorithm, and implemented it using clean code. The result was a significant improvement in performance."
Can you describe a challenging technical problem you solved and the process you used to resolve it?,System Design,Hard,intuit,"Problem Solving, Technical Troubleshooting, Coding, Debugging","Software Engineer, Systems Analyst, DevOps Engineer, IT Project Manager",Solved a complex technical issue using systematic approach.,"I once encountered a challenging problem where the application was frequently crashing. I identified the root cause by debugging the code, implemented a solution, and tested it thoroughly to ensure stability."
Can you describe a challenging technical problem you've encountered and explain how you used problem-solving skills to resolve it?,Technical,Hard,MYDIRECTV,"Problem Solving, Technical Challenges","Software Developer, Systems Engineer, IT Project Manager",Shared a tough tech problem and how I solved it,"I faced a complex technical issue, then applied my problem-solving skills to analyze the situation, brainstorm solutions, test possible fixes, and ultimately resolved it successfully."
Can you describe a challenging technical problem you've solved and the approach you took to resolve it?,Technical,Hard,Mercari,"Problem Solving, Technical Challenges, Coding, Troubleshooting","Software Engineer, Senior Developer, System Architect, IT Consultant",Fixed a complex coding issue using a creative algorithmic approach.,"I encountered a difficult programming problem where the code was not functioning as expected. I approached this by breaking down the problem into smaller, manageable parts, researching potential solutions, and ultimately developing a new algorithm to resolve the issue."
Can you describe a challenging technical problem you've solved and the approach you used?,Machine Learning,Hard,Cobalt AI,"Problem Solving, Algorithm Design, Technical Challenges","Software Engineer, Solutions Architect, Developer",Shared a tough tech issue I tackled and my solution method.,"I once faced a difficult technical problem, such as optimizing an inefficient algorithm or debugging a complex system error. To solve it, I followed a systematic approach: first, understanding the root cause; second, brainstorming potential solutions; third, implementing and testing my chosen solution; and finally, refining the solution based on the results."
Can you describe a challenging technical project you managed and how you overcame difficulties to successfully complete it?,Coding,Hard,PHOTON,"Project Management, Technical Problem Solving, Team Collaboration","Software Engineer, Project Manager, Systems Analyst","Managed a complex software project, overcame obstacles to deliver on time.","I led a team in developing a challenging technical project. We faced difficulties such as limited resources and tight deadlines. To overcome these challenges, we collaborated effectively, prioritized tasks, and found innovative solutions. As a result, we successfully completed the project within the given timeline."
Can you describe a challenging technical project you managed and how you successfully navigated the difficulties?,Behavioral,Hard,google,"Project Management, Technical Problem Solving, Leadership","Software Engineer, Project Manager, System Architect","Managed a complex software project, overcame obstacles to meet deadline.","I led a team in developing a challenging technical project. We faced numerous difficulties such as limited resources and tight deadlines. To navigate these challenges, I prioritized tasks effectively, communicated clearly with my team, and sought help when needed. As a result, we successfully completed the project on schedule."
Can you describe a challenging work project you managed and how you applied problem-solving skills to overcome the difficulties?,Technical,Medium,Schonfeld,"Project Management, Problem Solving, Workflow Optimization","Software Engineer, Project Manager, Scrum Master, Product Manager",Shared a complex project challenge and how I solved it.,"I managed a difficult project where the team was struggling to meet deadlines. To solve this, I applied problem-solving skills by breaking down tasks into smaller manageable parts, communicating effectively with team members, and implementing new tools for task tracking and collaboration."
Can you describe a challenging work scenario that tested your problem-solving skills and how you handled it?,System Design,Hard,Amazon,"Problem Solving, Project Management","Software Engineer, Systems Analyst, Project Manager","Faced a complex database issue, fixed it using SQL and troubleshooting.","Once, I encountered a problem where our database was slowing down the application. I used my knowledge of SQL to identify the issue (Topic: Problem Solving), which turned out to be an inefficient query. After optimizing the query, the application ran smoothly again (Topic: Project Management)."
Can you describe a challenging work situation and explain how you used your problem-solving skills to address it?,Analytical,Medium,"Central Coast Community Energy, California","Problem Solving, Project Management, Team Collaboration","Software Engineer, Systems Analyst, Project Manager, DevOps Engineer","Described a tough project, solved it using teamwork and quick thinking.","Once faced a difficult situation where the project timeline was at risk due to unexpected issues. I gathered my team, identified the root cause, devised a plan, and successfully implemented it on time."
Can you describe a challenging work situation and explain how you utilized your problem-solving skills to address it?,Coding,Hard,"Amazon Web Services, Inc.","Problem Solving, Project Management","Software Engineer, Project Manager, System Analyst","Described a tough project, solved it with smart thinking.","I once faced a challenging situation where a critical project was behind schedule. I utilized my problem-solving skills by breaking down the project into manageable tasks, prioritizing them, and working diligently to complete each one on time. This approach helped me deliver the project successfully despite the initial difficulties."
Can you describe a challenging work situation and how you effectively applied problem-solving skills to resolve it?,Behavioral,Hard,Mastercard Foundation,"Problem Solving, Project Management","Software Engineer, Project Manager, System Analyst",Fixed a difficult work problem using effective problem-solving skills.,"I once encountered a challenging situation at work where a project was delayed due to technical issues. Instead of panicking, I broke down the problem into smaller parts, identified potential solutions, and tested them one by one until I found the best solution. This approach not only helped me resolve the issue but also ensured the successful completion of the project."
Can you describe a challenging work situation and how you effectively applied your problem-solving skills to overcome it?,System Design,Hard,North East Medical Services,"Problem Solving, Project Management","Software Engineer, Project Manager, System Analyst",Fixed a complex coding issue using critical thinking and teamwork.,"Once faced a difficult situation where a project's code was not functioning as expected. I applied my problem-solving skills by breaking down the issue into smaller parts, researching potential solutions, collaborating with team members, and implementing a fix that resolved the problem."
Can you describe a challenging work situation and how you effectively applied your problem-solving skills to resolve it?,Technical,Hard,IBM,"Problem Solving, Project Management, Decision Making","Software Engineer, Project Manager, System Analyst",Shared a complex project issue and explained how I found a solution.,"I was faced with a difficult situation at work when our team's project was delayed due to unexpected issues. Instead of panicking, I applied my problem-solving skills by breaking down the problem into smaller parts, identifying potential solutions, and discussing them with my team. We decided on a course of action, implemented it, and successfully resolved the issue, getting the project back on track."
Can you describe a challenging work situation and how you handled it through problem-solving skills?,Sql,Medium,Ahold Delhize,"Problem Solving, Project Management, Conflict Resolution","Software Engineer, Project Manager, System Analyst, IT Consultant","Shared responsibility, found solution together.","I once faced a challenging situation where our team was unable to meet a project deadline due to conflicting priorities. To resolve this, I facilitated a meeting with all stakeholders and proposed a revised timeline based on realistic expectations. We then divided tasks more efficiently and provided regular updates to ensure accountability. This approach allowed us to successfully complete the project within the new timeline."
Can you describe a challenging work situation and how you successfully applied your problem-solving skills to resolve it?,Coding,Medium,Bank of America,"Problem Solving, Project Management, Decision Making","Software Engineer, Project Manager, System Analyst, Data Scientist",Resolved a complex coding issue using critical thinking.,"Told about a difficult project situation, explained the steps I took to analyze the problem, made decisions based on available resources and knowledge, and successfully implemented a solution that resolved the issue."
Can you describe a challenging work situation and how you used problem-solving skills to handle it?,Technical,Medium,Gov,"Problem Solving, Project Management","Software Engineer, Project Manager, System Analyst",Described a difficult work situation and how I solved it.,"I once faced a challenging project where the deadline was approaching quickly, but the team was struggling to meet the requirements. To handle this, I broke down the project into smaller tasks, assigned them to team members based on their strengths, and regularly monitored progress. This approach helped us complete the project on time and within budget."
Can you describe a challenging work situation and how you used your problem-solving skills to resolve it?,Technical,Hard,Tieva,"Problem Solving, Project Management","Software Engineer, Project Manager, System Analyst","Described a tough project, solved it with smart thinking.","I once faced a challenging situation where a critical software component was failing intermittently. I used my problem-solving skills to analyze the issue, identify the root cause, and implement a solution that permanently resolved the problem."
Can you describe a challenging work situation where your problem-solving skills were crucial for achieving a positive outcome?,Coding,Medium,Ulta Beauty,"Problem Solving, Project Management","Software Developer, Systems Analyst, Project Manager",Solved a critical issue that saved the project.,"I once faced a difficult situation at work where a crucial system was malfunctioning, causing delays in our project timeline. By applying my problem-solving skills, I analyzed the issue, identified the root cause, and implemented a solution to get the system back online. This not only resolved the immediate problem but also prevented further delays, ultimately saving the project."
Can you describe a challenging work situation you encountered and how did you use your problem-solving skills to handle it?,Technical,Medium,Almac Groups,"Problem Solving, Project Management","Software Engineer, Project Manager, System Analyst",Shared a tricky situation and how I solved it.,"I once faced a challenging work situation where the project was delayed due to unexpected issues. To resolve this, I applied my problem-solving skills by breaking down the problem into smaller tasks, prioritizing them, and working diligently until the issue was resolved, ultimately meeting the project deadline."
Can you describe a challenging work situation you encountered and how you addressed it?,Technical,Hard,Wipro,"Problem-Solving, Conflict Resolution","Software Engineer, Project Manager, System Analyst",Shared a solution for a tough work problem.,"I once faced a challenging situation at work where the project timeline was delayed due to unexpected issues. I addressed it by communicating effectively with my team, identifying the root cause, and proposing a new plan that helped us get back on track."
Can you describe a challenging work situation you encountered and how you applied problem-solving skills to address it?,Behavioral,Medium,Azurity Pharmaceuticals,"Problem Solving, Project Management","Software Engineer, Project Manager, System Analyst","Shared project resources with a team, resolved conflicts using collaboration and prioritization.","I encountered a challenging situation where our team was working on a project with limited resources. To address this issue, I applied problem-solving skills by collaborating with my team members to prioritize tasks effectively, ensuring that we completed the most critical tasks first before moving on to less important ones. This approach helped us to deliver the project successfully despite the resource constraints."
Can you describe a challenging work situation you encountered and how you applied problem-solving skills to overcome it?,System Design,Hard,Capitalone,"Problem Solving, Project Management, Team Collaboration","Software Developer, Project Manager, System Analyst, Quality Assurance Engineer","Shared project deadline, used critical thinking to resolve bottlenecks.","I once faced a situation where our team was struggling to meet a tight deadline due to unexpected complications. Instead of panicking, I applied problem-solving skills by identifying the bottlenecks, communicating effectively with my team members, and prioritizing tasks based on their dependencies. This approach helped us deliver the project on time."
Can you describe a challenging work situation you encountered and how you applied your problem-solving skills to address it?,Technical,Hard,Amazon,"Problem Solving, Project Management","Software Engineer, Project Manager, System Analyst",Described a tough work challenge and how I solved it,"I faced a difficult situation at work where I had to find a solution quickly. I used my problem-solving skills, analyzed the issue, brainstormed ideas, and implemented a successful strategy to resolve it."
Can you describe a challenging work situation you encountered and how you applied your problem-solving skills to handle it?,Technical,Hard,Wells Fargo,"Problem Solving, Project Management","Software Engineer, Project Manager, System Analyst","Shared a complex issue, explained my solution process.","I described a difficult situation I faced at work and how I used critical thinking, creativity, and effective communication to find a solution. This demonstrates my ability to handle challenges effectively."
Can you describe a challenging work situation you encountered and how you used problem-solving skills to address it?,Coding,Medium,CVS Health,"Problem Solving, Project Management, Communication","Software Engineer, Project Manager, System Analyst",Shared a tough work problem and explained my solution.,"I once faced a difficult situation at work where the project was delayed due to unexpected issues. I used my problem-solving skills to analyze the issue, communicate effectively with my team, and propose a new approach that helped us get back on track. This resulted in the successful completion of the project."
Can you describe a challenging work situation you encountered and how you used your problem-solving skills to resolve it?,Behavioral,Medium,servicenow ITSM,"Problem Solving, Project Management, Conflict Resolution","Software Engineer, Project Manager, System Analyst, IT Consultant","Shared project resource caused delays, resolved by coordinating with team and stakeholders.","While working on a shared project, I encountered a situation where a resource was not being utilized effectively due to miscommunication between teams. To resolve this, I took the initiative to coordinate meetings with all involved parties, clarified expectations, and established a more efficient workflow. This resulted in improved productivity and timely completion of the project."
Can you describe a challenging work situation you encountered and how you utilized your problem-solving skills to handle it?,Technical,Medium,Association of Public Health Laboratories,"Problem Solving, Project Management, Communication","Software Engineer, Project Manager, System Analyst",Shared a difficult work situation and explained how I solved it.,"I described a tough challenge at work, then detailed the steps I took to tackle it using my problem-solving skills. This shows that I can handle complex situations effectively."
Can you describe a challenging work situation you encountered and how you utilized your problem-solving skills to overcome it?,Sql,Medium,Oasys International,"Problem Solving, Project Management","Software Engineer, Project Manager, System Analyst",Shared a difficult work challenge and how I solved it with teamwork.,"I once faced a complex issue at work where our project was delayed due to unexpected data inconsistencies. To resolve this, I broke down the problem into smaller parts, identified the root cause, and collaborated with my team to implement a solution that restored the project timeline."
Can you describe a challenging work situation you encountered and how you utilized your problem-solving skills to resolve it?,Technical,Hard,Guidehouse,"Problem Solving, Project Management, Communication","Software Developer, Project Manager, Systems Analyst, IT Consultant","Shared a solution for a complex issue, demonstrating my problem-solving skills.","I once faced a challenging situation at work where a project was delayed due to unexpected complications. I analyzed the problem, brainstormed potential solutions, and collaborated with my team to implement an effective strategy that got us back on track. This experience showcases my ability to think critically, communicate effectively, and lead a team through difficult situations."
Can you describe a challenging work situation you faced and explain how you approached solving it?,Behavioral,Hard,Maximus,"Problem Solving, Project Management","Software Engineer, Project Manager, System Analyst",Shared a difficult work situation and explained my solution approach.,"I faced a challenging work situation where I had to solve a complex problem. To tackle it, I first identified the root cause, then broke down the problem into manageable parts. After that, I developed a strategy to address each part and implemented it step by step. Finally, I monitored the progress and made necessary adjustments along the way until the problem was resolved."
Can you describe a challenging work situation you faced and explain how you implemented problem-solving skills to resolve it?,Technical,Medium,citius,"Problem Solving, Project Management, Team Collaboration","Software Engineer, Project Manager, System Analyst, IT Consultant","Shared project deadline, solved by effective communication and innovative thinking.","I faced a challenging situation when our team was unable to meet the project deadline due to unexpected technical issues. To resolve this, I implemented problem-solving skills by first communicating effectively with my team members to understand the root cause of the issue. After identifying the problem, I proposed an innovative solution that involved reallocating resources and adjusting timelines. This approach allowed us to complete the project on time and meet our client's expectations."
Can you describe a challenging work situation you faced and explain how you used problem-solving skills to address it?,Technical,Hard,Salesforce,"Problem Solving, Project Management","Software Engineer, Project Manager, System Analyst",Shared a tricky work situation and showed how I solved it.,"I once faced a challenging situation at work where a project was delayed due to unexpected issues. To resolve this, I applied problem-solving skills by breaking down the issue into smaller parts, identifying possible solutions, evaluating their feasibility, and finally implementing the best solution. This approach helped me complete the project on time."
Can you describe a challenging work situation you faced and explain how you used your problem-solving skills to handle it?,System Design,Hard,Unisys,"Problem Solving, Project Management, Team Collaboration","Software Developer, Systems Analyst, Project Manager, IT Consultant","Shared project deadline, solved by effective teamwork and planning.","I faced a challenging situation when our project was behind schedule due to unexpected complications. To handle this, I utilized my problem-solving skills by collaborating with the team, reorganizing our workflow, setting clear priorities, and establishing deadlines for each task. This approach allowed us to complete the project on time and meet the client's expectations."
Can you describe a challenging work situation you faced and explain how you used your problem-solving skills to overcome it?,Analytical,Hard,Morgan Stanley,"Problem Solving, Project Management, Communication","Software Engineer, Project Manager, System Analyst",Shared a difficult work problem and explained how I found a solution.,"I faced a challenging situation at work where I had to find an innovative solution. I identified the problem, broke it down into smaller parts, brainstormed possible solutions, evaluated their feasibility, and implemented the best one. This process not only helped me overcome the challenge but also improved my team's productivity."
Can you describe a challenging work situation you faced and how you effectively applied your problem-solving skills to resolve it?,System Design,Hard,major Big Tech client,"Problem Solving, Project Management","Software Engineer, System Analyst, Project Manager",Shared a difficult project issue and explained how I solved it.,"I once faced a challenging situation where a critical software component was failing. I applied my problem-solving skills by breaking down the issue, researching possible solutions, testing them, and eventually finding a workaround that allowed us to meet our deadline."
Can you describe a challenging work situation you faced and how you effectively utilized your problem-solving skills to resolve it?,Coding,Medium,Meta,"Problem Solving, Project Management, Collaboration","Software Engineer, Project Manager, System Analyst, Data Scientist",Shared a difficult work situation and explained how I solved it effectively.,"I faced a challenging work situation where the project was delayed due to unexpected issues. To resolve this, I utilized my problem-solving skills by breaking down the problem into smaller parts, collaborating with my team, and finding innovative solutions. This approach helped us complete the project on time."
Can you describe a challenging work situation you faced and how you resolved it using your problem-solving skills?,Technical,Hard,Goldman Sachs,"Problem Solving, Project Management","Software Engineer, Project Manager, System Analyst",Shared a difficult work situation and how I solved it.,"I faced a challenging project where the deadline was tight and the requirements kept changing. To resolve this, I broke down the project into smaller tasks, prioritized them, and communicated effectively with my team to ensure everyone understood their roles. We met the deadline and delivered a high-quality product."
Can you describe a challenging work situation you faced and how you utilized problem-solving skills to resolve it?,Technical,Hard,CANCOM,"Problem Solving, Project Management, Team Collaboration","Software Developer, Systems Analyst, Project Manager, IT Consultant","Shared project deadline, resolved with effective teamwork.","Once faced a tight deadline for a project. I collaborated closely with my team, brainstormed solutions, and prioritized tasks to complete the project on time."
Can you describe a challenging work situation you faced and how you utilized your problem-solving skills to address it?,Analytical,Hard,Rothschild Private Equity,"Problem Solving, Project Management, Teamwork","Software Engineer, Project Manager, System Analyst","Shared a difficult project issue, explained how I found a solution.","I once faced a challenging situation at work where a project was behind schedule. To address it, I utilized my problem-solving skills by identifying the root cause of the delay and devised an action plan to get the project back on track. This involved coordinating with team members, adjusting timelines, and ensuring everyone understood their roles and responsibilities."
Can you describe a challenging work situation you faced and how you utilized your problem-solving skills to navigate it?,Sql,Medium,Minnesota Department of Corrections,"Problem Solving, Project Management, Communication","Software Engineer, Project Manager, System Analyst, Quality Assurance","Shared responsibility, found a solution together","I faced a challenging situation where our team was struggling to meet a tight deadline. I utilized my problem-solving skills by collaborating with the team and proposing a new approach that divided tasks more efficiently. By communicating effectively and working together, we were able to successfully complete the project on time."
Can you describe a challenging work situation you've encountered and how you utilized problem-solving skills to overcome it?,Machine Learning,Medium,Tech Mahindra,"Problem Solving, Project Management","Software Developer, Project Manager, System Analyst",Shared a difficult work situation and how I solved it using problem-solving skills.,"I once faced a challenging situation where the project deadline was approaching, but the code wasn't working as expected. Instead of panicking, I broke down the problem into smaller parts, identified potential solutions, tested them, and finally found a solution that worked. This helped me meet the project deadline."
Can you describe a challenging work situation you've faced and how you implemented problem-solving strategies to resolve it?,Behavioral,Medium,Navy Reserve,"Problem Solving, Project Management, Decision Making","Software Developer, Systems Analyst, Project Manager, IT Consultant",Shared a difficult work situation and explained how I solved it.,"I described a challenging project where I faced unexpected issues. To resolve them, I used problem-solving strategies like brainstorming solutions with my team, prioritizing tasks, and implementing changes step by step."
"Can you describe a challenging workplace problem you encountered, and explain the steps you took to resolve it?",Technical,Medium,Amazon,"Problem Solving, Conflict Resolution, Workplace Communication","Software Engineer, Project Manager, IT Consultant",Shared a difficult work issue and detailed how it was solved.,"I encountered a challenging problem at work, such as a project delay or team conflict. To resolve it, I first analyzed the situation, then communicated effectively with my team and superiors to understand everyone's concerns. Next, I proposed a solution, implemented it, and monitored progress until the issue was successfully resolved."
Can you describe a challenging workplace scenario and how you applied your problem-solving skills to resolve it?,Analytical,Medium,Bolton Clarke,"Problem Solving, Workplace Scenarios","Software Engineer, Project Manager, Team Lead","Shared project resources caused delays, solved by prioritizing tasks.","In a challenging scenario where shared project resources were causing delays and affecting the timeline of the project, I applied my problem-solving skills by prioritizing tasks based on their urgency and importance. This helped to ensure that critical tasks were completed first, reducing the overall impact of resource contention on the project's progress."
Can you describe a challenging workplace scenario and how you utilized problem-solving skills to rectify it?,Analytical,Medium,spectrum,"Problem Solving, Workplace Scenarios","Project Manager, Team Lead, Software Engineer, IT Manager","Shared project resources were mismanaged, so I organized a meeting to discuss and implement new processes.","In this question, the interviewer wants to know how you handle difficult situations at work. They are looking for examples where you demonstrated problem-solving skills and leadership. This scenario could be relevant for various IT roles, such as Project Manager or Team Lead, since managing projects and teams often involves resolving conflicts and improving processes."
Can you describe a challenging workplace situation and detail how you utilized your problem-solving skills to resolve it?,Technical,Hard,NewYork Presbytarian,"Problem Solving, Conflict Resolution","Software Engineer, Project Manager, System Analyst","Shared project resources led to delays, resolved by collaborating with team.","When a shared project had limited resources and deadlines were missed, I worked closely with my team members to prioritize tasks, delegate responsibilities effectively, and communicate regularly to ensure everyone was aware of the progress. This allowed us to complete the project on time and meet our objectives."
Can you describe a challenging workplace situation and explain how you used your problem-solving skills to resolve it?,Coding,Hard,Microsoft,"Problem Solving, Conflict Resolution","Software Engineer, Project Manager, System Analyst","Shared project resources with a colleague who wasn't cooperating, resolved the issue by communicating effectively and finding a compromise.","I encountered a situation where I had to share limited resources with another team member. We were both working on different parts of the same project, but he was not cooperative in sharing the resources as agreed. To resolve this, I approached him calmly and explained the importance of collaboration for completing the project on time. After discussing our concerns, we found a compromise that allowed us to share the resources more efficiently and complete the project successfully."
Can you describe a challenging workplace situation and how you implemented problem-solving skills to resolve it?,Technical,Hard,Remy Contrui,"Problem Solving, Conflict Resolution, Workplace Communication","Software Engineer, Project Manager, Team Lead, System Analyst","Shared project resources with a colleague, resolved disagreement through collaboration.","I encountered a situation where I had to work on a shared project resource with another team member who had a different approach. We disagreed on how to proceed. To resolve this, I communicated openly about our concerns and suggested we collaborate by combining our ideas. This allowed us to find a solution that leveraged the strengths of both approaches."
Can you describe a challenging workplace situation and how you used problem-solving skills to overcome it?,Coding,Medium,Nitiyo,"Problem Solving, Workplace Communication","Software Engineer, Project Manager, Team Lead, Customer Support","Shared project resources with a difficult team member, resolved conflict through open dialogue.","I once faced a situation where a team member was not cooperating and hoarding resources. To resolve this, I approached the person directly to discuss our concerns and propose a solution that involved sharing resources more equitably. This required good communication skills and an ability to find a compromise."
Can you describe a challenging workplace situation and how you used your problem-solving skills to address it?,Technical,Medium,HCL,"Problem Solving, Workplace Communication","Software Engineer, Project Manager, IT Consultant",Described a tough work situation and shared how I solved it.,"I explained a challenging scenario at work, such as resolving a software bug or managing a team conflict. Then, I detailed the steps I took to address the issue using my problem-solving skills, like analyzing the problem, brainstorming solutions, implementing a plan, and evaluating the results."
Can you describe a challenging workplace situation and how you utilized your problem-solving skills to address it?,Product Strategy,Hard,"Fanatics, Inc.","Problem Solving, Workplace Communication","Software Engineer, Project Manager, IT Support Specialist","Shared project resources, resolved issue with teamwork.","I once faced a challenging situation where our team was struggling to meet a project deadline due to resource allocation issues. To address this, I utilized my problem-solving skills by proposing a plan to reorganize the team's workload and resources more effectively. This allowed us to complete the project on time and improve overall team productivity."
Can you describe a challenging workplace situation and how you utilized your problem-solving skills to resolve it?,Analytical,Medium,First National,"Problem Solving, Conflict Resolution","Software Engineer, Project Manager, System Analyst",Resolved a complex team conflict by finding a fair solution.,"Shared an example of a difficult situation at work, explained how I identified the problem, and described the steps I took to find a resolution that satisfied all parties involved. This demonstrates my ability to think critically, communicate effectively, and make sound decisions."
Can you describe a challenging workplace situation where your problem-solving skills led to a positive outcome?,Analytical,Hard,TikTok,"Problem Solving, Project Management","Software Engineer, Project Manager, System Analyst","Resolved a complex coding issue, saving project time and resources.","I encountered a challenging situation where a critical piece of code was causing errors in our software. I analyzed the problem, identified the root cause, and implemented a solution that not only fixed the immediate issue but also improved the overall system performance. This led to significant savings in project time and resources."
Can you describe a challenging workplace situation you encountered and explain how you used your problem-solving skills to resolve it?,Analytical,Medium,Petrofac,"Problem Solving, Workplace Communication","Software Engineer, Project Manager, System Administrator",Shared resources conflict resolved with effective communication and prioritization.,"I encountered a situation where team members were contending for limited resources. I facilitated a meeting to discuss the issue, explained the importance of prioritizing tasks, and proposed a fair scheduling system. This allowed us to manage the shared resources effectively and meet our project deadlines."
Can you describe a challenging workplace situation you encountered and how you applied problem-solving skills to handle it?,Sql,Medium,FMG,"Problem Solving, Workplace Communication","Software Engineer, Project Manager, Team Lead","Shared resources led to project delays, resolved by proposing a new scheduling system.","In a challenging situation where limited resources were being shared among multiple projects, causing delays, I applied problem-solving skills by first identifying the root cause. I then proposed a new scheduling system that prioritized tasks based on their dependencies and deadlines, which helped to streamline the workflow and significantly reduce project delays."
Can you describe a challenging workplace situation you encountered and how you applied problem-solving skills to resolve it?,Analytical,Medium,Alfred Health,"Problem Solving, Workplace Communication","Software Engineer, Project Manager, Team Lead","Shared project resources, used collaboration tools to resolve.","I encountered a situation where team members were struggling to share necessary resources for our project. To solve this problem, I suggested using collaboration tools like Google Drive or Confluence to streamline the process and ensure everyone had access to the required files. This not only improved productivity but also fostered better communication within the team."
Can you describe a challenging workplace situation you encountered and how you applied your problem-solving skills to resolve it?,Coding,Hard,Yalent,"Problem Solving, Workplace Communication","Software Engineer, Project Manager, Customer Support Specialist",Shared project resource conflict resolved through collaboration.,"Once, I encountered a situation where a team member and I were assigned to work on the same task simultaneously. To resolve this, I communicated with my colleague about our respective progress and suggested we collaborate by dividing the task into sub-tasks. This approach allowed us to complete the project efficiently while ensuring quality."
Can you describe a challenging workplace situation you encountered and how you used problem-solving skills to address it?,System Design,Hard,Northwestern mutual,"Problem Solving, Workplace Communication","Software Engineer, Project Manager, Team Lead","Shared project resources caused delays, resolved by proposing a new scheduling system.","In a challenging situation at work, I encountered a problem where shared project resources were causing significant delays. To address this issue, I used my problem-solving skills to propose a new scheduling system that would ensure better resource allocation and help us meet our deadlines more efficiently."
Can you describe a challenging workplace situation you encountered and how you used problem-solving skills to overcome it?,Analytical,Medium,IBM,"Problem Solving, Workplace Communication","Software Engineer, Project Manager, Team Lead, Customer Support","Shared project resources with a team member, resolved conflict through collaboration.","I encountered a situation where I had to share limited resources with another team member for a project. We both wanted to complete our tasks quickly and efficiently. To solve this problem, we met regularly to discuss our progress, prioritize tasks, and collaborate on solutions. This allowed us to work together effectively and successfully complete the project."
Can you describe a challenging workplace situation you faced and explain how you used problem-solving skills to address it?,Machine Learning,Hard,Etsy,"Problem Solving, Workplace Communication","Software Engineer, Project Manager, System Analyst","Shared responsibility led to conflict, solved through collaboration.","I faced a situation where team members had conflicting ideas about how to approach a project. To address this, I facilitated open discussions and encouraged everyone to share their thoughts. By collaborating and finding common ground, we were able to create a unified plan that met everyone's needs."
Can you describe a challenging workplace situation you faced and highlight the steps you took to resolve it?,Analytical,Medium,Aeyon,"Problem Solving, Conflict Resolution","Software Engineer, Project Manager, IT Support Specialist",Shared a tough work issue and explained my solution.,"I faced a difficult situation at work, such as a project delay or team conflict. To resolve it, I analyzed the problem, brainstormed potential solutions, communicated effectively with relevant parties, implemented my chosen solution, and monitored progress to ensure success."
Can you describe a challenging workplace situation you faced and how you used your problem-solving skills to handle it?,Technical,Hard,Amazon,"Problem Solving, Conflict Resolution","Software Engineer, Project Manager, System Analyst","Shared resources, solved with teamwork and negotiation.","I once faced a situation where I had to share limited resources with another team. To handle this challenge, I used my problem-solving skills by first understanding the needs of both teams. Then, I negotiated a fair distribution plan that ensured everyone got what they needed to complete their tasks on time. This required good communication and collaboration skills."
Can you describe a challenging workplace situation you faced and how you utilized problem-solving skills to address it?,Technical,Medium,Texas Oncology,"Problem Solving, Workplace Communication","Software Engineer, Project Manager, Team Lead, Data Analyst","Shared responsibility, found a solution together.","I once faced a challenging situation where our team was struggling to meet project deadlines due to conflicting priorities. To address this, I utilized problem-solving skills by facilitating open communication within the team and proposing a prioritization strategy that helped us align our efforts effectively. This approach allowed us to complete the project on time while maintaining a high level of quality."
Can you describe a challenging workplace situation you faced and how you utilized problem-solving skills to resolve it?,Analytical,Hard,BPI - Banque Publique d'Investissement,"Problem Solving, Workplace Communication","Software Engineer, Project Manager, Team Lead, Customer Support Specialist","Shared responsibility led to confusion, solved by clear communication and prioritization.","I once faced a situation where team members had conflicting priorities. To resolve this, I initiated a meeting to discuss each task's importance and deadlines. After understanding the urgency of each task, we reorganized our workload and established clear lines of communication. This helped us to complete tasks efficiently and meet project deadlines."
Can you describe a challenging workplace situation you handled and explain the problem-solving strategies you used to manage it?,Technical,Hard,google,"Problem Solving, Workplace Communication, Conflict Resolution","Software Engineer, Project Manager, Team Lead",Handled a difficult team project and solved it using effective communication.,"When faced with a challenging situation at work, I communicated openly with my team members to understand the issue. I then proposed a plan of action, delegated tasks appropriately, and monitored progress regularly until we reached a successful resolution."
Can you describe a challenging workplace situation you resolved using your problem-solving skills and technical knowledge?,Machine Learning,Hard,Blue cross blue shield,"Problem Solving, Technical Knowledge","Software Engineer, System Administrator, IT Project Manager",Resolved a complex database issue with efficient coding.,"I once encountered a situation where our company's database was not performing optimally. By applying my problem-solving skills, I identified the root cause of the issue - an inefficient query that was slowing down the system. Using my technical knowledge, I rewrote the query to improve its performance, thereby resolving the problem."
Can you describe a challenging workplace situation you've encountered and how you used problem-solving skills to resolve it?,System Design,Hard,Heady,"Problem Solving, Conflict Resolution","Software Engineer, Project Manager, System Analyst",Shared project resources with a colleague using effective communication.,"I once encountered a situation where I had to share resources with another team member for a joint project. The challenge was that we both needed the same resource at the same time, which caused delays and frustration. To resolve this, I communicated clearly about our needs and schedules, and we agreed on a flexible schedule that allowed us to work around each other's demands. This not only helped us complete the project on time but also improved our working relationship."
Can you describe a challenging workplace situation you've encountered and how you utilized problem-solving skills to resolve it?,Behavioral,Hard,CVS Health,"Problem Solving, Teamwork, Conflict Resolution","Software Engineer, Project Manager, System Analyst",Described a tough work challenge and how I solved it.,"I faced a difficult situation at work, such as a project delay or team conflict. To resolve it, I applied problem-solving skills like analyzing the issue, brainstorming solutions, and implementing a plan. This helped me overcome the challenge and learn valuable lessons for future situations."
Can you describe a challenging workplace situation you've faced and explain how you utilized your problem-solving skills to address it?,Machine Learning,Hard,Google,"Problem Solving, Workplace Communication","Software Engineer, Project Manager, IT Consultant",Shared a solution to a tough work problem using critical thinking.,"I once faced a challenging situation at work where we had a tight deadline and insufficient resources. I utilized my problem-solving skills by first understanding the issue thoroughly, then brainstorming potential solutions with my team. We decided to prioritize tasks, delegate effectively, and seek help from other departments when needed. In the end, we successfully completed the project on time."
Can you describe a challenging workplace situation you've faced and how you used problem-solving skills to resolve it?,Coding,Hard,Accenture,"Problem Solving, Conflict Resolution, Workplace Dynamics","Software Engineer, Project Manager, Team Lead, Customer Support Agent","Shared project resources with a difficult colleague, resolved conflict by communicating openly and finding a compromise.","I once faced a challenging situation when I had to work on a shared project with a colleague who was not cooperative. Instead of letting the tension escalate, I chose to communicate openly about my concerns and expectations. After discussing our respective roles and responsibilities, we found a compromise that allowed us to complete the project successfully."
Can you describe a circumstance where you demonstrated problem-solving skills to overcome a technical challenge?,Technical,Hard,Gemini,"Problem Solving, Technical Challenges","Software Developer, Systems Engineer, IT Project Manager",Solved a difficult coding issue with creativity and determination.,"I encountered an unexpected error in my code while developing a software application. I spent hours debugging, but the issue remained unresolved. Instead of giving up, I researched similar problems online and found a solution that involved refactoring part of the code. This allowed me to successfully resolve the issue and complete the project."
"Can you describe a complex data pipeline you've designed and implemented, outlining the challenges faced and the solutions employed?",Technical,Hard,copart,"Data Pipelines, Big Data, ETL Processes, Data Warehousing, Cloud Computing","Data Engineer, Data Architect, Data Scientist, Software Developer","Described a complex data pipeline I designed and implemented, facing challenges and providing solutions.","I created a data pipeline to process large amounts of data from multiple sources. This involved extracting, transforming, and loading the data into a data warehouse. Challenges included dealing with inconsistent data formats and ensuring high performance. Solutions included using cloud-based services for scalability and implementing error handling mechanisms."
"Can you describe a complex data pipeline you've implemented, highlighting the challenges faced and your problem-solving strategies used to overcome them?",Behavioral,Hard,copart,"Data Pipelines, Big Data, ETL Processes, Cloud Computing","Data Engineer, Data Scientist, Software Developer, Data Architect","Described a complex data pipeline, faced challenges, used problem-solving strategies.","I implemented a large-scale data pipeline that collected, processed, and stored data from multiple sources. Faced issues with data inconsistencies and performance bottlenecks. Solved these problems by optimizing the ETL process, using cloud services for scalability, and implementing error handling mechanisms."
Can you describe a complex problem at your previous job and how you used strategic thinking to resolve it?,Technical,Hard,Software Azure,"Problem Solving, Strategic Thinking, Complex Issues","Software Engineer, Project Manager, System Analyst",Shared a tough work challenge and how I planned ahead to solve it.,"I faced a difficult problem at my previous job, such as a system failure or project delay. To resolve it, I used strategic thinking by analyzing the issue, brainstorming solutions, choosing the best option, and executing a plan to implement that solution."
Can you describe a complex problem at your previous job and illustrate how you efficiently solved it?,Behavioral,Hard,phd,"Problem Solving, Project Management, Complex Issues","Software Engineer, Systems Analyst, IT Project Manager",Shares an example of a tough problem and how it was effectively resolved.,"Tells a story about a difficult challenge faced at work, explains the steps taken to understand the issue, outlines the solution implemented, and discusses the positive impact on the project or team."
Can you describe a complex problem from your previous position and how you went about solving it?,Coding,Hard,PPL FIRST,"Problem Solving, Project Management, Complex Problem Analysis","Software Engineer, Systems Analyst, Project Manager",Shared a difficult challenge and explained my approach to tackle it.,"I described a complex issue I faced in my previous job, explained the steps I took to understand the problem, and detailed how I went about finding a solution. This demonstrates my ability to analyze problems, develop solutions, and manage projects effectively."
Can you describe a complex problem that you solved using your advanced programming skills?,Data Structures,Hard,samni systems,"Advanced Programming, Problem Solving","Software Engineer, Senior Developer, Computer Scientist",Solved a challenging programming issue with efficiency.,I once had to create an algorithm that could process large datasets quickly and accurately. I used advanced programming techniques like multithreading and data structures to improve the performance of my solution.
Can you describe a complex problem you dealt with at work and explain how you used your problem-solving skills to resolve it?,Coding,Hard,Visa,"Problem Solving, Project Management, Workplace Challenges","Software Developer, Systems Analyst, Project Manager",Shared a tough work problem and explained how I solved it.,"I faced a complex issue at work, such as a software bug or project delay. To resolve it, I followed these steps: 1) Understood the problem thoroughly by gathering all necessary information. 2) Analyzed the situation to identify potential solutions. 3) Chose the best solution and implemented it with careful planning and execution. 4) Monitored progress and made adjustments as needed until the problem was successfully resolved."
Can you describe a complex problem you encountered at work and how you applied your problem-solving skills to resolve it?,Coding,Medium,Sunlighten,"Problem Solving, Project Management, Complex Problem Analysis","Software Engineer, System Analyst, Project Manager, Data Scientist",Shared a tough work challenge and explained how I solved it.,"I discussed an intricate issue that came up at work, explaining the steps I took to analyze the problem, develop a solution, implement it, and monitor its success. This demonstrates my ability to handle complex situations effectively."
Can you describe a complex problem you encountered in a past role and detail how you solved it using your problem-solving skills?,System Design,Hard,Cleo,"Problem Solving, Project Management, Complex Problem Analysis","Software Engineer, Systems Analyst, Project Manager, Data Scientist","Shared a tough issue, explained steps taken to resolve it.","I once faced a complex problem at work where the system was slowing down significantly. I analyzed the issue, identified the bottleneck, and implemented a solution that improved performance by 50%. This required using my problem-solving skills, project management abilities, and understanding of system optimization."
Can you describe a complex problem you encountered in your last role and how you approach solving it?,System Design,Hard,NVIDIA,"Problem Solving, Complex Problem Analysis, Project Management","Software Engineer, Systems Analyst, Project Manager","Shared a tough issue, explained my approach to tackle it.","I described a difficult problem I faced in my previous role and shared the steps I took to solve it. This included analyzing the issue, brainstorming solutions, testing potential fixes, and implementing the best solution."
Can you describe a complex problem you encountered in your previous job and explain how you went about solving it?,Technical,Hard,Nvidia,"Problem Solving, Project Management, Complex Issues","Software Engineer, Systems Analyst, Project Manager",Shared a tough work challenge and explained my solution process.,"I was faced with a complex problem at work, such as a system failure or project delay. To solve it, I first identified the root cause, then devised a plan to address it, implemented the solution, and monitored its progress until resolution."
Can you describe a complex problem you encountered in your previous job and how you went about solving it?,Technical,Medium,Trend Micro,"Problem Solving, Project Management, Complex Issues","Software Engineer, Systems Analyst, Project Manager",Described a tough challenge and how it was overcome.,"I faced a difficult problem at work, such as a system failure or project delay. To solve it, I first identified the root cause, then devised a plan to address it. This might have involved collaboration with team members, research, or innovative thinking. After implementing my solution, I monitored the results and made adjustments as needed until the problem was resolved."
"Can you describe a complex problem you encountered in your previous job, how you tackled it, and the final outcome?",Analytical,Medium,Baltimore City Department of Housing & Community Development,"Problem Solving, Project Management, Decision Making","Software Developer, Systems Analyst, Project Manager, Data Scientist","Shared a tough challenge, solution steps, and results.","I'll share an instance where I faced a complex issue at work. I explained the problem, detailed my approach to solving it, and discussed the final outcome. This demonstrates my ability to handle difficult situations effectively."
Can you describe a complex problem you encountered in your previous role and explain how you applied critical thinking to resolve it?,Behavioral,Hard,UNWFP,"Problem Solving, Critical Thinking, Complex Problem Analysis","Software Engineer, Systems Analyst, Project Manager","Shared a tough problem, explained how I thought it through and found a solution.","I encountered a complex issue at work where data was inconsistent. Instead of blindly fixing the symptoms, I took a step back to analyze the root cause. After identifying that our data validation process was inadequate, I designed a new system using regular expressions and unit tests which ensured consistent data entry."
Can you describe a complex problem you encountered in your previous role and explain how you resolved it?,Behavioral,Hard,CIQ,"Problem Solving, Project Management, Complex Issues","Software Engineer, Systems Analyst, Project Manager",Shared a tough problem and explained my solution.,"I once faced a complex issue at work where data was not being processed correctly. I identified the root cause, devised a plan to fix it, implemented the solution, and monitored the results to ensure everything ran smoothly again."
Can you describe a complex problem you encountered in your previous role and explain how you solved it?,Technical,Hard,ServiceNow,"Problem Solving, Project Management, Complex Issues","Software Engineer, Systems Analyst, Project Manager","Shared a tough challenge, explained my solution.","I faced a difficult problem at work and had to find a way to resolve it. I analyzed the issue, brainstormed solutions, tested possible options, and eventually implemented the best one. This helped us overcome the obstacle and continue our project successfully."
Can you describe a complex problem you encountered in your previous role and explain your process to resolve it?,Machine Learning,Hard,Google,"Problem Solving, Project Management, Complex Issues","Software Engineer, Systems Analyst, Project Manager, DevOps Engineer","Shared a difficult problem, explained my steps to solve it.","I faced a complex issue at work where the system was slowing down significantly. I identified the root cause by analyzing logs and performance metrics, then devised a plan to optimize the database queries and improve server resources. After implementing the solution, the system's performance improved noticeably."
Can you describe a complex problem you encountered in your previous role and how you approached its resolution?,Technical,Hard,Software Azure,"Problem Solving, Project Management, Complex Issues","Software Engineer, Systems Analyst, Project Manager",Shared a tricky work challenge and how I tackled it.,"I faced a difficult situation at work, identified the problem, broke it down into manageable parts, developed a plan to address each part, implemented the plan, monitored progress, and finally resolved the issue."
Can you describe a complex problem you encountered in your previous role and how you handled it?,Behavioral,Hard,PowerCo SE,"Problem Solving, Project Management, Complexity Handling","Software Engineer, Systems Analyst, Project Manager","Shared a tough challenge, explained steps taken to resolve it.","I once faced a complex issue at work where the system was frequently crashing. I identified the root cause, developed a solution, and implemented it successfully, preventing future crashes."
Can you describe a complex problem you encountered in your previous role and how you implemented a successful solution?,System Design,Hard,ABC,"Problem Solving, Project Management, Complex Problem Analysis","Software Engineer, Systems Analyst, Project Manager, Data Scientist","Shared a tough issue, explained steps to solve it.","I once faced a challenging problem at work where the system was slow and causing delays. I analyzed the issue, identified the bottleneck, and implemented a solution that involved optimizing the database queries and upgrading certain server components. The result was a significant improvement in system performance."
Can you describe a complex problem you encountered in your previous role and how you solved it?,System Design,Hard,HPE,"Problem Solving, Project Management, Complex Issues","Software Engineer, Systems Analyst, Project Manager",Shared a tough problem and my solution strategy.,"I once faced a challenging issue at work where data was being lost unexpectedly. I analyzed the situation, identified the root cause (a bug in the code), fixed it, and implemented a monitoring system to prevent future occurrences."
Can you describe a complex problem you encountered in your previous role and how you used critical thinking to solve it?,Analytical,Medium,shadow fax,"Problem Solving, Critical Thinking, Complex Problem","Software Engineer, Systems Analyst, Project Manager",Shared a tough problem and how I solved it.,"I once faced a complex issue at work where data was inconsistent across multiple systems. To solve this, I used critical thinking to analyze the root cause, devised a plan to standardize the data, and implemented it successfully."
Can you describe a complex problem you encountered in your previous role and how you used your problem-solving skills to handle it?,Coding,Hard,Starbucks,"Problem Solving, Project Management, Complex Problems","Software Engineer, Systems Analyst, Project Manager",Shared a challenging issue and explained my solution process.,"I discussed an intricate problem I faced in my previous role, then detailed the steps I took to solve it using my problem-solving skills. This demonstrates my ability to handle complex situations effectively."
Can you describe a complex problem you encountered in your previous role and how you used your problem-solving skills to resolve it?,System Design,Hard,VECTOR,"Problem Solving, Project Management, Complex Problems","Software Engineer, Systems Analyst, Project Manager","Shared a tough issue, explained my steps to fix it.","I once faced a complex problem in my previous role where the system was slow and unresponsive. I used my problem-solving skills by first identifying the root cause, which turned out to be an inefficient algorithm. Then, I rewrote the code using a more efficient algorithm, resulting in a faster and more responsive system."
Can you describe a complex problem you encountered in your previous role and how you utilized your problem-solving skills to overcome it?,Behavioral,Hard,Zyston,"Problem Solving, Project Management, Complex Problem Analysis","Software Engineer, Systems Analyst, Project Manager, Data Scientist","Shared a tricky issue, explained how I tackled it.","I faced a difficult problem at work and used my analytical skills to break it down, create a plan, and execute the solution. This helped me resolve the issue effectively."
Can you describe a complex problem you encountered in your previous role and how you went about solving it?,Technical,Medium,Capgemini,"Problem Solving, Project Management, Complex Problem Analysis","Software Engineer, Systems Analyst, Project Manager",Shared a tough problem and my solution approach.,"I faced a difficult issue at work, identified its root cause, devised a strategy to tackle it, implemented the plan, and successfully resolved the problem."
Can you describe a complex problem you faced at work and detail how you employed your problem-solving skills to resolve it?,Technical,Hard,Canada Life,"Problem Solving, Project Management, Decision Making","Software Developer, Systems Analyst, Project Manager, IT Consultant",Shared a tough work problem and explained how I solved it.,"I faced a complex issue at work, such as a system failure or project delay. To resolve it, I used my problem-solving skills by identifying the root cause, brainstorming solutions, implementing a plan, and monitoring progress until the problem was resolved."
Can you describe a complex problem you faced at work and how you applied problem-solving skills to overcome it?,System Design,Hard,Boston Dynamics,"Problem Solving, Project Management, Complex Problem Analysis","Software Developer, Systems Analyst, Project Manager, IT Consultant",Shared a tough work challenge and explained how I solved it.,"I faced a difficult problem at work, such as a system failure or project delay. To solve it, I analyzed the situation, brainstormed solutions, chose the best one, implemented it, and monitored the results. This approach helped me to overcome the challenge successfully."
Can you describe a complex problem you faced at work and how you applied your problem-solving skills to overcome it?,Analytical,Medium,ADP,"Problem Solving, Project Management, Time Management","Software Engineer, Project Manager, System Analyst",Shared a tough work challenge and how I solved it.,"I once faced a complex issue at work where our software was experiencing frequent crashes. To solve this, I broke down the problem into smaller parts, identified the root cause, implemented a solution, and tested it thoroughly before deployment. This approach not only resolved the immediate issue but also improved the overall system stability."
Can you describe a complex problem you faced at work and how you applied your problem-solving skills to resolve it?,Technical,Medium,goTenna,"Problem Solving, Project Management, Workplace Challenges","Software Engineer, Project Manager, System Analyst",Shared a tough work problem and explained how I fixed it.,"I once faced a complex issue at work, such as a system malfunction or project delay. To resolve it, I applied my problem-solving skills by breaking the problem into smaller parts, researching possible solutions, testing those solutions, and implementing the best one. This approach helped me successfully overcome the challenge."
Can you describe a complex problem you faced at work and how you solved it using your analytical skills?,Technical,Hard,Donyati,"Problem Solving, Analytical Skills, Complex Problems","Software Engineer, Data Analyst, Project Manager",Shares an example of a tough work challenge and how it was tackled.,"I faced a complex issue at work, such as a software bug or data inconsistency. By applying my analytical skills, I broke down the problem into smaller parts, identified the root cause, and devised a solution to resolve it effectively."
Can you describe a complex problem you faced at work and how you used your problem-solving skills to address it?,System Design,Hard,"ULTA Salon, Cosmetics & Fragrance, Inc.","Problem Solving, Project Management, Complex Problem Analysis","Software Engineer, System Analyst, Project Manager, IT Consultant",Shared a challenging work issue and explained my solution process.,"I faced a difficult problem at work, analyzed it, came up with a solution, and implemented it successfully. This demonstrates my ability to handle complex issues and use good problem-solving skills."
Can you describe a complex problem you faced at work and how you used your problem-solving skills to overcome it?,Technical,Medium,Infosys Ltd,"Problem Solving, Project Management, Team Collaboration","Software Engineer, System Analyst, Project Manager, IT Consultant",Shared a tough work challenge and explained my solution process.,"I once faced a complex problem at work, such as a system failure or project delay. To overcome it, I followed these steps: 1) Identified the root cause of the issue, 2) Brainstormed possible solutions with my team, 3) Evaluated each solution based on feasibility and impact, 4) Implemented the chosen solution, and 5) Monitored progress and made adjustments as needed. This approach helped us successfully resolve the problem."
Can you describe a complex problem you faced at work and how you utilized your problem-solving skills to resolve it?,Product Design,Medium,Telus,"Problem Solving, Project Management, Complex Problem Analysis","Software Engineer, System Analyst, Project Manager, Data Scientist",Shared a tough work challenge and how I tackled it.,"I faced a difficult problem at work, such as a system error or project delay. To resolve it, I analyzed the issue thoroughly, brainstormed solutions, implemented my best idea, monitored progress, and adjusted as needed until the problem was resolved."
Can you describe a complex problem you faced at work and how you went about resolving it?,Machine Learning,Hard,Academia,"Problem Solving, Project Management, Collaboration","Software Engineer, Systems Analyst, Project Manager","Shared a complex issue, explained my approach to resolve it.","I faced a challenging problem at work, such as a system failure or project delay. I analyzed the situation, brainstormed solutions with my team, and implemented an effective strategy to overcome the obstacle. This demonstrates my ability to think critically, collaborate effectively, and manage projects successfully."
Can you describe a complex problem you faced at work and how you went about solving it?,Machine Learning,Hard,Amazon,"Problem Solving, Project Management, Complex Issues","Software Engineer, Systems Analyst, Project Manager",Shared a tricky work problem and my solution approach.,"I faced a difficult challenge at work, analyzed the situation, brainstormed solutions, chose the best one, implemented it, and successfully resolved the issue."
Can you describe a complex problem you faced at work and the process you used to solve it?,Coding,Hard,JP Morgan,"Problem Solving, Project Management, Complex Issues","Software Engineer, Systems Analyst, Project Manager",Described a tough work problem and how I solved it.,"I faced a difficult challenge at work, identified the root cause, developed a solution, implemented it, and ensured its success."
Can you describe a complex problem you faced at work and the steps you took in order to resolve it?,Machine Learning,Hard,Google,"Problem Solving, Project Management, Decision Making","Software Engineer, Systems Analyst, Project Manager",Shared a tough work challenge and how it was tackled.,"I faced a complex issue at work, such as a system failure or project delay. To resolve it, I first analyzed the problem, then developed a plan of action, which included communicating with team members, researching potential solutions, testing those solutions, and finally implementing the best one. This process helped us overcome the challenge and complete the project successfully."
Can you describe a complex problem you faced at work and the steps you took to resolve it?,Behavioral,Hard,BCG,"Problem Solving, Project Management, Workplace Challenges","Software Engineer, Systems Analyst, Project Manager",Shared a complex issue and explained my solution steps.,"I faced a difficult problem at work, analyzed it, developed a plan, implemented the solution, and monitored the results. This demonstrates my ability to handle complex situations effectively."
Can you describe a complex problem you faced at work and the steps you took to solve it?,System Design,Hard,Centene,"Problem Solving, Project Management, Decision Making","Software Developer, Systems Analyst, Project Manager",Shared a complex problem and steps taken to resolve it.,"When faced with a difficult challenge at work, I identified the issue, broke it down into manageable parts, developed a plan of action, implemented the solution, and monitored its progress until resolution."
Can you describe a complex problem you faced at your previous job and explain how you went about solving it?,System Design,Hard,tietoevry,"Problem Solving, Project Management, Complex Issues","Software Engineer, Systems Analyst, Project Manager",Shared a tough work challenge and my solution.,"I faced a complex problem at work, such as a system failure or project delay. To solve it, I analyzed the issue, brainstormed solutions, chose the best one, implemented it, and monitored the results to ensure success."
Can you describe a complex problem you faced at your previous job and how you approached solving it?,Machine Learning,Hard,Google India,"Problem Solving, Project Management, Complexity in Work","Software Engineer, Systems Analyst, Project Manager, Data Scientist",Shared a tough challenge and my solution strategy.,"I once faced a complex issue at work where data was inconsistent across multiple systems. To solve it, I first identified the root cause, then designed a plan to standardize our data processes. After implementing the changes, the problem was resolved, improving efficiency and accuracy."
Can you describe a complex problem you faced at your previous job and how you handled it?,Technical,Hard,Accenture,"Problem-Solving, Project Management, Communication","Software Engineer, Systems Analyst, Project Manager","Shared a tough challenge, explained solutions.","I faced a complex issue at work where data was being lost frequently. I identified the root cause, implemented a solution, and communicated it effectively to my team."
Can you describe a complex problem you faced at your previous job and how you used your problem-solving skills to overcome it?,Analytical,Medium,Integral Ad Science,"Problem Solving, Project Management, Communication","Software Engineer, System Analyst, Project Manager",Shared a tough work challenge and how I solved it.,"I once faced a complex issue at work where our project was delayed due to unexpected data inconsistencies. To tackle this, I broke down the problem into smaller parts, identified the root cause, and implemented a solution using SQL queries and data validation techniques. I then communicated my findings effectively with my team, leading us to complete the project on time."
Can you describe a complex problem you faced in a previous role and how you used critical thinking to solve it?,System Design,Hard,Department of Behavioral Health and Developmental Services,"Problem Solving, Critical Thinking, Complex Problem Analysis","Software Engineer, Project Manager, System Analyst",Shared a tough problem and explained my thought process to solve it.,"I faced a complex issue at work, such as a system failure or project delay. To tackle this, I analyzed the situation thoroughly, identified key factors, considered multiple solutions, weighed their pros and cons, and chose the best one. Then, I implemented my plan step-by-step until the problem was resolved."
Can you describe a complex problem you faced in your last job and how you went about solving it?,System Design,Hard,ERNST AND YOUNG,"Problem Solving, Project Management, Complex Issues","Software Engineer, Systems Analyst, Project Manager",Shared a tough challenge and my solution strategy.,"I faced a difficult problem at work, such as a system failure or project delay. I analyzed the issue, brainstormed solutions, chose the best approach, implemented it, and monitored the results to ensure success."
Can you describe a complex problem you faced in your previous job and explain how you applied your problem-solving skills to solve it?,System Design,Hard,Nest Digital,"Problem Solving, Project Management, Complex Problem Analysis","Software Engineer, Systems Analyst, Project Manager, Data Scientist",Shared a tricky work issue and explained my solution process.,"I once faced a difficult problem at work where the database was corrupted. I applied my problem-solving skills by first identifying the root cause, then devising a plan to recover the data, and finally implementing the recovery strategy. The problem was resolved successfully, and we were able to continue our project without any major setbacks."
Can you describe a complex problem you faced in your previous job and how you used your problem-solving skills to resolve it?,Analytical,Medium,Forrester,"Problem Solving, Project Management, Complex Problems","Software Developer, Systems Analyst, Project Manager","Shared a tough issue, explained my steps to fix it.","I faced a complex problem at work where our software was frequently crashing. I broke down the issue into smaller parts, researched possible solutions, tested them, and finally found a solution that stabilized the software."
"Can you describe a complex problem you faced in your previous job, and how you used your problem-solving skills to address it?",Technical,Medium,Harris ERP,"Problem Solving, Project Management, Complex Issues","Software Engineer, Systems Analyst, Project Manager",Shared a tough work challenge and how I solved it.,"I faced a difficult problem at my previous job, such as a system failure or project delay. To address it, I used my problem-solving skills by identifying the root cause, brainstorming solutions, implementing a plan, and monitoring progress until the issue was resolved."
Can you describe a complex problem you faced in your previous role and explain how you applied your problem-solving skills to resolve it?,Analytical,Hard,The Rawlings Group,"Problem Solving, Project Management, Complex Problem Analysis","Software Engineer, Systems Analyst, Project Manager","Shared a tough challenge, explained how I solved it.","I faced a complex issue at work where data was being lost. I analyzed the problem, identified the cause (a bug in the system), and developed a solution (a patch) to fix it. I then implemented the solution, tested it, and ensured that the data loss stopped."
Can you describe a complex problem you faced in your previous role and explain how you approached solving it?,Technical,Medium,l3harris,"Problem Solving, Project Management, Complex Issues","Software Engineer, Systems Analyst, Project Manager",Shared a tough problem and my solution strategy.,"I faced a difficult challenge at work, such as a system failure or project delay. I analyzed the issue, developed a plan to tackle it, implemented my strategy, monitored progress, and eventually resolved the problem."
Can you describe a complex problem you faced in your previous role and explain step-by-step how you solved it?,Technical,Hard,Google,"Problem Solving, Project Management, Complex Problem Analysis","Software Engineer, Systems Analyst, Project Manager","Shared a tough challenge, explained my steps to solve it.","I faced a difficult issue at work, such as a system failure or project delay. To tackle this, I first identified the root cause, then broke down the problem into manageable parts. Next, I developed a solution strategy and implemented it step-by-step. Finally, I monitored the results to ensure the problem was resolved effectively."
Can you describe a complex problem you faced in your previous role and how you applied your problem-solving skills to resolve it?,Analytical,Hard,Prudential Investment Management,"Problem Solving, Project Management, Complex Problems","Software Developer, Systems Analyst, Project Manager","Shared a tough challenge, explained my solution process.","I faced a complex problem at work and had to use my problem-solving skills to find a solution. I analyzed the issue, brainstormed potential solutions, tested them, and finally implemented the best one. This helped me resolve the problem effectively."
Can you describe a complex problem you faced in your previous role and how you approached and resolved it?,Technical,Hard,United Health Care,"Problem Solving, Project Management, Complex Decision Making","Software Engineer, Systems Analyst, Project Manager, Product Manager","Shared a difficult issue, explained my strategy, and shared the successful outcome.","I faced a challenging problem at work where data was being lost frequently. I analyzed the issue, identified the root cause, implemented a solution, and monitored its effectiveness to ensure the problem didn't recur."
Can you describe a complex problem you faced in your previous role and how you approached solving it?,Analytical,Medium,Scotiabank,"Problem Solving, Project Management, Complex Issues","Software Engineer, Systems Analyst, Project Manager",Shared a tough problem and my solution strategy.,"I faced a difficult challenge at work, such as a system failure or project delay. To solve it, I first identified the root cause, then developed a plan to address it, which included gathering necessary resources, collaborating with team members, and implementing the solution."
Can you describe a complex problem you faced in your previous role and how you implemented a solution?,Technical,Hard,Royal Bank of Canada,"Problem Solving, Project Management, Technical Challenges","Software Developer, Systems Analyst, IT Project Manager",Shared a tough problem and how I found a solution.,"I faced a difficult issue at work, identified its root cause, brainstormed solutions, chose the best one, implemented it, and successfully resolved the problem."
Can you describe a complex problem you faced in your previous role and how you implemented a successful solution?,Analytical,Medium,SHOGUN,"Problem Solving, Project Management, Complex Issues","Software Engineer, Systems Analyst, Project Manager","Shared a tough problem, explained my solution, and achieved success.","I faced a difficult challenge at work where I had to find a solution. I analyzed the issue, developed a plan, implemented it, and ultimately, the solution was successful."
Can you describe a complex problem you faced in your previous role and how you used your problem-solving skills to address it?,Technical,Medium,Booz Allen Hamilton,"Problem Solving, Project Management, Complex Issues","Software Developer, Systems Analyst, Project Manager, IT Consultant",Shared a challenging problem & explained how I solved it.,"I'll talk about a difficult issue I faced at work, explain what the problem was, and share the steps I took to find a solution. This demonstrates my ability to tackle complex problems effectively."
Can you describe a complex problem you faced in your previous role and how you utilized problem-solving skills to overcome it?,Coding,Medium,Edgerock,"Problem Solving, Project Management","Software Developer, Systems Analyst, Project Manager, IT Consultant","Shared a tough challenge, explained how I solved it.","I once faced a complex issue at work where our software was experiencing frequent crashes. To solve this problem, I followed these steps: identified the root cause by debugging and analyzing logs, developed a patch to fix the issue, tested the patch thoroughly before deploying, and finally monitored the system after deployment to ensure stability. This experience demonstrated my ability to tackle difficult problems effectively."
Can you describe a complex problem you faced in your previous role and how you utilized your problem-solving skills to resolve it?,Coding,Hard,Apple,"Problem Solving, Project Management, Complex Problems","Software Developer, Systems Analyst, Project Manager, IT Consultant",Shared a tough challenge and how I tackled it successfully.,"I faced a difficult problem at work, such as a system failure or project delay. To resolve it, I applied my problem-solving skills by breaking down the issue into smaller parts, researching potential solutions, testing different approaches, and collaborating with team members to find the best solution. In the end, we successfully resolved the issue and learned valuable lessons for future challenges."
Can you describe a complex problem you faced in your previous role and how you went about solving it?,Technical,Medium,texas instruments,"Problem Solving, Project Management, Complex Issues","Software Engineer, Systems Analyst, Project Manager",Shared a tough challenge and my solution strategy.,"I faced a complex problem at work, such as a system failure or project delay. I analyzed the issue, brainstormed solutions, chose the best one, implemented it, and monitored the results to ensure success."
"Can you describe a complex problem you faced in your previous role, how you solved it, and what was the outcome?",Behavioral,Hard,Amazon Inc,"Problem Solving, Project Management, Decision Making","Software Engineer, Systems Analyst, IT Project Manager","Shared a tough challenge, solution, and result from my last job.","I'll discuss an intricate issue I encountered in my previous role, explain how I tackled it, and share the final outcome. This demonstrates my ability to handle complex problems, make decisions, and manage projects effectively."
Can you describe a complex problem you had to solve at work and explain how you approached it?,Analytical,Medium,Coastal Community Bank,"Problem Solving, Project Management, Complexity Management","Software Engineer, Systems Analyst, Project Manager, Data Scientist",Shared a tough work challenge and my solution strategy.,"I once faced a challenging issue at work, where data was inconsistent across multiple systems. I tackled it by first understanding the root cause, then devising a plan to clean and standardize the data, and finally implementing this plan in phases while monitoring progress."
"Can you describe a complex problem you had to solve at your previous role, highlighting your decision-making process and the outcome?",Analytical,Medium,Delta Dental,"Problem Solving, Decision Making, Complex Issues","Software Engineer, Systems Analyst, Project Manager","Shared a tough problem, explained how I tackled it, and shared the results.","I described a complex challenge I faced at work, explained my thought process in solving it, and shared the positive outcome. This demonstrates my ability to handle difficult situations and make sound decisions."
Can you describe a complex problem you have solved and the steps you took to address it?,Behavioral,Medium,mgm,"Problem Solving, Complex Problem Analysis, Project Management","Software Engineer, Systems Analyst, Data Scientist",Shared a challenging problem I tackled and my solution process.,"I explained a difficult issue I faced, the steps I took to understand it, and how I approached finding a solution. This demonstrates my ability to analyze complex problems, develop strategies, and execute solutions."
Can you describe a complex problem you helped solve at your previous job?,Technical,Hard,Software Azure,"Problem Solving, Complex Issues, Troubleshooting","Software Engineer, Systems Analyst, Project Manager",Shared a solution for a challenging problem at my last job.,"I helped resolve a difficult situation by identifying the root cause, brainstorming potential solutions, and implementing the best one. This required strong analytical skills, creativity, and effective communication."
"Can you describe a complex problem you resolved using your programming and data analysis skills, specifically in the Machine Learning domain?",Coding,Hard,Labelbox,"Machine Learning, Programming, Data Analysis","Data Scientist, Machine Learning Engineer, Software Developer",Solved a challenging machine learning problem using coding and data analysis.,"I tackled a complex issue in the Machine Learning domain by applying programming skills to write algorithms, and used data analysis techniques to interpret results. For instance, I might have built a predictive model for customer churn, optimized it, and validated its accuracy."
Can you describe a complex problem you solved and explain your problem-solving methodology?,Behavioral,Hard,Maximus,"Problem Solving, Project Management, Complex Problem Analysis","Software Engineer, System Analyst, Solutions Architect",Explain a tough problem I solved and how I approached it.,"I will share an instance where I encountered a complex issue, explained the steps I took to understand it, devised a solution, implemented it, and verified its effectiveness. This demonstrates my ability to handle challenging situations and find effective solutions."
Can you describe a complex problem you solved at work and how you approached it?,Analytical,Medium,"Akraya, Inc.","Problem Solving, Project Management, Complex Problem Analysis","Software Engineer, Systems Analyst, Project Manager",Shared a tough work challenge and how I tackled it.,"I described a complex issue at work, explained my thought process for understanding the problem, and detailed the steps I took to find a solution. This demonstrates my ability to handle difficult situations effectively."
Can you describe a complex problem you solved at work and the steps you took in your problem-solving process?,Behavioral,Medium,TikTok,"Problem Solving, Project Management, Complex Issues","Software Engineer, System Analyst, Project Manager",Shared a tough work challenge and how it was tackled.,"I'd share an instance where I faced a difficult problem at work, explained the steps I took to understand the issue, devised a solution, implemented it, and monitored its progress until resolution. This demonstrates my ability to handle complex problems effectively."
Can you describe a complex problem you solved at your last job and outline your problem-solving process?,Product Strategy,Hard,Google,"Problem Solving, Project Management, Technical Troubleshooting","Software Developer, Systems Analyst, IT Project Manager",Describes a complex issue I tackled and how I approached it.,"I'll share an example of a difficult problem I faced at work, explain the steps I took to analyze and understand the issue, and discuss the methods I used to find a solution. This demonstrates my ability to handle complex problems effectively."
Can you describe a complex problem you solved at your previous job and the approach you took in detail?,Technical,Hard,Hexaplora,"Problem Solving, Complex Problem Analysis, Project Management","Software Engineer, System Analyst, Project Manager",Shared a tough issue I tackled and how I approached it.,"I'll tell you about a difficult problem I faced at work, explain the steps I took to analyze it, and share the solution I came up with. This will demonstrate my ability to handle complex issues effectively."
Can you describe a complex problem you solved at your previous job and what was your approach to address it?,Machine Learning,Hard,Apple,"Problem Solving, Complex Problem Analysis, Project Management","Software Engineer, System Analyst, Project Manager",Solved a challenging issue by breaking it down and tackling parts systematically.,"I identified a complex problem at work, such as slow application performance or data inconsistency. To address it, I first understood the root cause by gathering relevant information and analyzing the situation. Then, I broke the problem into manageable parts and worked on each part systematically. Finally, I tested my solution to ensure it fixed the issue and implemented it after getting approval."
"Can you describe a complex problem you solved at your previous job, emphasizing your decision-making process?",Coding,Medium,RBC,"Problem Solving, Decision Making, Complex Issues","Software Engineer, Systems Analyst, Project Manager",Shared a tough problem I faced and how I tackled it.,"I'll discuss a challenging issue from my previous job, explaining the steps I took to analyze the problem, evaluate potential solutions, make a decision, implement the solution, and monitor its impact."
Can you describe a complex problem you solved at your previous position and explain the steps you took to resolve it?,Data Structures,Hard,Nikon SLM,"Problem Solving, Project Management, Complex Issues","Software Engineer, Systems Analyst, IT Project Manager",Explain a tough problem I solved and how I did it.,"I once faced a difficult issue at work where the system was slowing down significantly. To resolve this, I first identified the root cause by analyzing logs and performance metrics. Then, I devised a plan to optimize the database queries and improved the server configuration. After implementing these changes, the system's speed returned to normal, and the issue was resolved."
Can you describe a complex problem you solved by translating it into a data analytics scenario?,Product Strategy,Hard,Cingular HR,"Data Analytics, Problem Solving, Complex Problems","Data Analyst, Business Intelligence Analyst, Data Scientist","Shared a challenge, turned it into a data scenario.","I once faced a complex problem that required careful analysis. To explain this, I translated the issue into a data analytics scenario where I could collect, analyze, and interpret relevant data to find a solution."
Can you describe a complex problem you solved using your JavaScript skills and explain the solution's logic?,Behavioral,Medium,Sacramento County Placer,"JavaScript, Problem Solving, Algorithms","Software Developer, Full Stack Engineer, Javascript Developer",Solved a complex JavaScript problem using efficient algorithms.,"I once had to optimize a slow script in JavaScript. I analyzed the problem, broke it down into smaller parts, and applied efficient algorithms to solve each part. The result was a faster, more responsive script."
Can you describe a complex problem you solved using your advanced knowledge in Python Programming?,Technical,Hard,Amazon,"Python Programming, Problem Solving, Complex Algorithms","Software Engineer, Senior Developer, Data Scientist",Solved a challenging Python problem involving advanced programming concepts.,"I once had to write a Python script that could analyze large datasets and find patterns quickly. This required using complex data structures like heaps, and advanced algorithms like quicksort for sorting the data. The challenge was to make it efficient enough to handle terabytes of data without crashing. After several iterations, I managed to create an optimized solution that not only solved the problem but also significantly improved the processing time."
Can you describe a complex problem you solved using your advanced technical skills?,Behavioral,Hard,Intact Insurance,"Advanced Technical Skills, Problem Solving, Complex Problem","Software Engineer, Senior Developer, System Architect",Solved a difficult programming issue using cutting-edge techniques.,"I once faced a challenging problem in my coding that required advanced technical skills. I used my knowledge of efficient algorithms and data structures to break down the problem, solve it step by step, and ultimately find a solution. This experience demonstrated my ability to handle complex problems effectively."
Can you describe a complex problem you solved using your analytical and problem-solving skills?,Behavioral,Hard,AWS,"Analytical Skills, Problem Solving, Complex Problem Analysis","Software Engineer, Data Analyst, Systems Architect, Project Manager",Solved a challenging issue with data inconsistencies.,"I identified an issue where our database was storing incorrect data. I analyzed the problem, created a solution using SQL queries and Python scripts to clean and validate the data, then implemented it successfully."
Can you describe a complex problem you solved using your analytical skills and what was your approach?,Machine Learning,Hard,ebay,"Problem Solving, Analytical Skills, Complex Problem","Software Engineer, Data Analyst, Systems Architect",Solved a complex issue using analytical thinking.,"I once faced a challenging problem that required careful analysis. I broke it down into smaller parts, identified the root cause, devised a solution, and implemented it successfully."
Can you describe a complex problem you solved using your problem-solving and technical skills in your previous role?,Coding,Hard,amazon,"Problem Solving, Technical Skills, Complex Problem","Software Engineer, Systems Analyst, IT Project Manager",Solved a challenging issue using technical prowess.,"I once faced a complex problem in my previous role, such as a system breakdown or data inconsistency. To solve it, I applied my problem-solving skills and technical knowledge, which involved debugging code, analyzing data, and collaborating with team members. As a result, the system was restored to normal operation, demonstrating my ability to handle difficult situations effectively."
Can you describe a complex problem you solved using your software development skills?,Coding,Hard,mondo,"Software Development, Problem Solving, Complex Problem Analysis","Software Developer, Senior Software Engineer, Full Stack Developer","Solved a challenging software issue, improving efficiency by 30%.","I once encountered a complex problem while developing software. The issue was causing the system to slow down significantly. After careful analysis and troubleshooting, I found that the root cause was an inefficient algorithm. By rewriting the algorithm, I managed to improve the system's efficiency by 30%. This not only resolved the initial problem but also enhanced the overall performance of the software."
Can you describe a complex problem you solved using your technical expertise and explain your thought process?,Coding,Hard,Google,"Problem Solving, Technical Expertise, Complex Problems","Software Engineer, Systems Analyst, Solution Architect",Explained a tough problem I solved with my tech skills.,"I faced a difficult technical issue, and by applying my expertise, I was able to break it down, find a solution, and implement it successfully. This demonstrates my ability to tackle complex problems effectively."
Can you describe a complex problem you solved with your analytical skills and what was the outcome?,Technical,Hard,Innova Solutions,"Problem Solving, Analytical Skills, Complex Problem","Data Analyst, Software Engineer, Systems Architect","Solved a challenging issue with analytical skills, resulting in improved efficiency.","I once faced a complex problem at work where data was not being processed correctly. I used my analytical skills to break down the problem into smaller parts, identify the root cause, and implement a solution that increased our processing speed by 30%."
"Can you describe a complex problem you solved, detailing the steps you took to arrive at a solution?",Technical,Hard,Faang,"Problem Solving, Algorithm Design, Complex Problem Analysis","Software Engineer, System Architect, Data Scientist","Shared a complex problem I solved, with steps for the solution.","I described a difficult issue I encountered and explained the approach I took to analyze it, break it down into manageable parts, develop a strategy to solve it, implement my plan, and verify that the solution worked."
"Can you describe a complex problem you solved, detailing your thought process and the solution implemented?",Behavioral,Hard,Apple,"Problem Solving, Algorithm Design, Complexity Analysis","Software Engineer, Solutions Architect, Data Scientist",Shared a tough problem I tackled and how I approached it.,"I explained a difficult issue I faced, detailed my thought process for finding a solution, and discussed the method I implemented to resolve it."
Can you describe a complex problem you successfully solved and the strategic process you utilized?,Sql,Medium,Air Dispatch,"Problem Solving, Project Management, Complex Problem Analysis","Software Engineer, Systems Analyst, Project Manager, Solution Architect",Successfully tackled a challenging issue using a strategic approach.,"I solved a complex problem by first understanding it thoroughly, breaking it down into manageable parts, creating a plan to address each part, executing the plan, and finally evaluating the results. This process helped me achieve success in solving the problem."
Can you describe a complex problem you've faced at work and how you went about solving it?,Technical,Hard,Northwestern Mutual,"Problem Solving, Project Management, Complex Issues","Software Engineer, Systems Analyst, Project Manager",Shared a tough work problem and explained my solution strategy.,"I faced a difficult challenge at work, analyzed the issue, brainstormed potential solutions, chose the best approach, implemented it, and successfully resolved the problem."
Can you describe a complex problem you've faced in your job and explain your approach to solving it?,Product Strategy,Hard,Google,"Problem Solving, Project Management, Complex Issues","Software Engineer, Systems Analyst, Project Manager",Shared a complex work challenge and my solution strategy.,"I faced a difficult situation at work, such as a system failure or project delay. To solve it, I analyzed the problem, identified potential solutions, weighed their pros and cons, chose the best one, implemented it, and monitored the results."
Can you describe a complex problem you've had to solve and how you approached it?,System Design,Hard,Amazon,"Problem Solving, Complex Problem Analysis, Project Management","Software Engineer, Data Analyst, Systems Architect, Product Manager",Shared a tough problem I tackled and my solution strategy.,"I explained a difficult issue I faced, detailed the steps I took to understand it, and shared how I came up with a solution. This demonstrates my ability to handle complex problems and think critically."
Can you describe a complex problem you've resolved at your previous job leveraging your technical skills?,Coding,Medium,Veerum,"Problem Solving, Technical Skills, Complex Problem Resolution","Software Engineer, Systems Analyst, IT Project Manager",Resolved a complex issue using technical skills.,"I once faced a challenging problem at work where our system was experiencing frequent crashes. By applying my technical skills, I identified the root cause, implemented a solution, and successfully resolved the issue, ensuring the system's stability."
Can you describe a complex problem you've solved and the steps you took to resolve it?,Sql,Hard,Personal,"Problem Solving, Project Management, Complex Problem Analysis","Software Engineer, Systems Analyst, Solutions Architect",Shares a solved complex issue and the approach taken.,"Tells about a difficult problem I faced, how I broke it down into manageable parts, found solutions for each part, and implemented them to resolve the overall problem."
"Can you describe a complex problem you've solved recently, outlining your process and decision-making approach?",Coding,Medium,ELM INFO GROUP,"Problem Solving, Project Management, Decision Making","Software Engineer, Systems Analyst, Project Manager",Recently solved a complex issue by breaking it down and tackling parts systematically.,"I recently encountered a challenging problem at work. Instead of getting overwhelmed, I broke the problem into smaller, manageable tasks. Then, I prioritized these tasks based on their impact and complexity. After that, I worked diligently to solve each task, making decisions along the way based on available information and potential outcomes. Eventually, I was able to resolve the issue effectively."
Can you describe a complex problem you've solved using advanced data analytics techniques?,Analytical,Hard,Tesco Bengaluru,"Data Analytics, Advanced Techniques, Problem Solving","Data Scientist, Business Intelligence Analyst, Data Engineer",Explained a complex sales trend using machine learning.,"I analyzed a challenging issue in sales data by applying advanced techniques like regression analysis and clustering. I used machine learning algorithms to identify patterns, predict trends, and make recommendations for improvement."
Can you describe a complex problem you've solved using your advanced analytical skills?,Behavioral,Hard,b-edgile,"Problem Solving, Analytical Skills, Complex Problems","Data Analyst, Solutions Architect, Software Engineer",Shared a detailed solution for a tough problem I tackled.,"I explained how I broke down a complex issue, applied my analytical skills to understand it, and then devised and implemented a solution. This demonstrates my ability to handle challenging situations effectively."
Can you describe a complex problem you've solved using your advanced knowledge in data analysis?,Sql,Hard,Freddie Mac,"Data Analysis, Problem Solving, Advanced Knowledge","Data Analyst, Data Scientist, Business Intelligence Analyst",I solved a complex sales forecasting problem using machine learning.,"I analyzed sales data, identified patterns, and applied machine learning algorithms to predict future sales. This helped the company make informed decisions about inventory management."
Can you describe a complex problem you've solved using your advanced knowledge in data analytics?,Behavioral,Hard,Royal Canadian Mounted Police,"Data Analytics, Problem Solving, Complex Problems","Data Analyst, Business Intelligence Analyst, Data Scientist",Solved a challenging data issue using analytics skills.,"I once had to analyze a massive dataset with multiple variables that seemed unrelated at first. By applying advanced data analytics techniques, I was able to identify patterns and relationships between the variables, which led to a significant improvement in our business decision-making process."
Can you describe a complex problem you've solved using your advanced knowledge of data structures and algorithms?,Analytical,Hard,Delta Dental,"Data Structures, Algorithms, Problem Solving","Software Engineer, Data Scientist, Systems Analyst",I solved a complex data problem using advanced data structures and algorithms.,"I was given a large dataset with many interconnected variables. To efficiently analyze this data, I used a combination of data structures like hash tables and heaps, and algorithms like quicksort and binary search. This allowed me to find patterns quickly and make informed decisions based on the results."
Can you describe a complex problem you've solved using your advanced technical skills?,Technical,Hard,ICE (Intercontinental Exchange),"Advanced Technical Skills, Problem Solving, Complex Problem","Software Engineer, System Architect, Senior Developer",Explain a tough problem you fixed with tech skills.,"Tell me about a difficult technical challenge you faced, the steps you took to understand it, and how you ultimately solved it using your advanced technical abilities."
"Can you describe a complex program, similar to a Discord bot, that you managed from initiation to completion, detailing your approach to project planning, resource allocation, and risk management?",Coding,Hard,Wizards of the coast,"Programming, Discord Bots, Project Management, Resource Allocation, Risk Management","Software Developer, DevOps Engineer, Systems Analyst, Project Manager","Managed a complex Discord bot from start to finish, planning resources and mitigating risks.","I developed a Discord bot by first outlining its functionality, then allocating tasks to myself and any necessary team members. I managed resources efficiently, ensuring timely completion of each task. To minimize risks, I performed thorough testing at every stage, addressing potential issues before they became problems."
"Can you describe a complex project similar to a Discord bot that you've managed from initiation to completion, detailing your approach to project planning, resource allocation, and risk management?",Coding,Hard,Wizards of the coast,"Project Management, Discord Bots, Programming, Resource Allocation, Risk Management","Software Engineer, DevOps Engineer, Systems Analyst, Project Manager","Managed a Discord bot project from start to finish, using effective planning and risk mitigation.","I managed a complex project similar to a Discord bot by first defining clear goals and timelines. I allocated resources efficiently, ensuring each team member had the tools they needed to succeed. To manage risks, I regularly monitored progress and adjusted plans as necessary. This approach led to successful completion of the project."
Can you describe a complex project where you had to use data analysis to solve a problem?,Technical,Hard,Dell,"Data Analysis, Problem Solving, Project Management","Data Analyst, Business Intelligence Developer, Data Scientist","Yes, I analyzed sales data to identify trends and increase revenue.","I worked on a project where I had to analyze large amounts of sales data. By identifying patterns and trends, I was able to provide insights that helped the company increase its revenue."
Can you describe a complex project you led and the strategies you applied for effective problem-solving?,Technical,Hard,Meta / Facebook,"Project Management, Problem Solving, Leadership","Project Manager, Senior Developer, Team Lead, Software Engineer","Described a challenging project I led, outlining my problem-solving approach.","I led a complex software development project where we faced unexpected issues. To solve these problems, I applied a systematic approach: breaking down the issue into smaller parts, prioritizing critical tasks, and communicating effectively with my team to find solutions together."
Can you describe a complex project you managed and discuss the strategies used for successful delivery?,Technical,Hard,Citi,"Project Management, Complex Problem Solving, Leadership","Project Manager, Senior Developer, Team Lead, Software Engineer","Managed a complex project, using effective strategies for successful delivery.","I managed a large-scale software development project. To ensure success, I established clear goals, set timelines, and assigned tasks to team members based on their skills. Regular communication and collaboration with stakeholders helped us overcome challenges and stay on track. In the end, we delivered the project on time and within budget."
Can you describe a complex project you managed and explain how you addressed challenges that arose?,System Design,Hard,Version 1,"Project Management, Problem Solving, Complex Systems","Project Manager, Software Engineer, Team Lead, Scrum Master",Shared details of a tough project and how I overcame obstacles.,"I managed a complex project where we faced challenges like tight deadlines and resource constraints. To address these issues, I broke the project into smaller tasks, prioritized them based on their impact, and ensured that team members were well-informed about their responsibilities. This approach helped us to deliver the project on time and within budget."
Can you describe a complex project you managed and explain how you ensured its execution within the provided time frame?,Technical,Hard,Atlantic Health,"Project Management, Time Management, Complex Problem Solving","Project Manager, Software Engineer, Scrum Master","Managed a complex project, met deadline.","I managed a challenging project by breaking it down into manageable tasks, setting clear deadlines, and regularly monitoring progress to ensure timely completion."
Can you describe a complex project you managed and explain how you ensured its successful execution?,Analytical,Hard,mizuho,"Project Management, Complex Problem Solving, Leadership","Project Manager, Software Engineer, Team Lead","Managed a complex software project, ensuring timely delivery and success.","I led a team in developing a challenging software project. To ensure its success, I established clear goals, delegated tasks effectively, monitored progress regularly, and addressed any issues promptly."
Can you describe a complex project you managed and explain how you utilized your problem-solving skills to overcome challenges?,Behavioral,Hard,Allianz Group,"Project Management, Problem Solving, Complex Systems","Project Manager, Software Engineer, Systems Analyst","Managed a complex project, using problem-solving skills to tackle challenges.","I managed a complex project by identifying problems and finding creative solutions. For example, when the team hit a roadblock, I facilitated brainstorming sessions to come up with alternative approaches. This helped us complete the project on time and within budget."
Can you describe a complex project you managed and the strategies you used for successful execution?,Technical,Hard,Amazon Alexa,"Project Management, Complex Problem Solving, Leadership","Project Manager, Senior Software Engineer, Product Manager","Managed a complex software project, using agile methodologies for successful execution.","I managed a large-scale software development project by breaking it down into smaller tasks, assigning them to team members, and using agile methodologies like Scrum to ensure timely delivery. I also closely monitored progress, addressed issues promptly, and maintained open communication with the team to keep everyone aligned."
Can you describe a complex project you managed and the strategies you used to successfully complete it?,Analytical,Medium,SHOGUN,"Project Management, Complex Problem Solving, Leadership","Project Manager, Senior Developer, Team Lead","Managed a challenging project, using effective strategies to ensure success.","I managed a complex project by breaking it down into smaller tasks, assigning roles to team members based on their skills, and regularly communicating progress. I also used agile methodologies for flexibility and adaptability, and prioritized risk management to ensure the project's successful completion."
Can you describe a complex project you managed and what strategies you used for successful completion?,Machine Learning,Hard,Waymo,"Project Management, Leadership, Complex Problem Solving, Team Collaboration","Project Manager, Senior Developer, Software Engineer, IT Manager",Managed a challenging project using effective communication and planning.,"To successfully manage a complex project, I first broke it down into smaller tasks. Then, I assigned these tasks to my team members based on their strengths and ensured clear communication throughout the process. Regular status updates helped keep everyone informed and allowed us to address any issues promptly. By working collaboratively and maintaining a positive attitude, we were able to overcome obstacles and complete the project on time."
Can you describe a complex project you managed from inception to completion and the strategies you used for problem-solving?,System Design,Hard,LTIMindtree,"Project Management, Problem Solving, Complex Systems","Software Engineer, Project Manager, Systems Analyst","Managed a complex project from start to finish, using effective problem-solving strategies.","I took charge of a challenging project, planning its development, coordinating team efforts, and resolving issues that arose along the way. I employed various techniques for problem-solving, such as breaking down tasks into manageable parts, brainstorming with my team, and using resources like documentation and online tutorials."
"Can you describe a complex project you managed from inception to completion, highlighting your problem-solving and leadership skills?",Technical,Hard,Oracle,"Project Management, Leadership, Problem Solving","Project Manager, Senior Developer, Team Lead, Software Engineer","Shared details of a challenging project, showcasing problem-solving and leadership skills.","This question is asking for an example where you managed a complex project from start to finish. It wants to see how you used your problem-solving abilities to overcome obstacles and lead your team effectively. You should describe the project, explain the challenges you faced, and discuss what steps you took to resolve those issues while guiding your team towards success."
"Can you describe a complex project you managed from inception to completion, outlining the challenges faced and solutions provided?",System Design,Hard,Wells Fargo,"Project Management, Problem Solving, Complex Systems","Project Manager, Software Engineer, Product Manager",Shared details of a challenging project I managed from start to finish.,"I described a complex project I led, explained the difficulties we faced like tight deadlines or limited resources, and shared how I overcame those challenges by implementing effective strategies and solutions."
"Can you describe a complex project you managed from initial concept to final execution, highlighting your problem-solving skills?",Technical,Hard,STRIDER TECHNOLOGIES,"Project Management, Problem Solving, Complex Systems","Software Engineer, Project Manager, Systems Analyst","Described a challenging project from start to finish, showcasing my problem-solving abilities.","I managed a complex project from its initial concept to final execution. Along the way, I faced various challenges and had to come up with creative solutions to overcome them. This question allows me to demonstrate my project management skills and ability to think critically and solve problems effectively."
Can you describe a complex project you managed successfully and the strategies you used to overcome challenges?,Sql,Hard,Hexaware,"Project Management, Complex Problem Solving, Leadership","Software Engineer Manager, Project Manager, Scrum Master","Managed a challenging software project, using effective strategies to overcome obstacles.","I successfully managed a complex project by breaking it down into smaller tasks, setting clear goals, and communicating effectively with my team. When faced with challenges, I remained flexible and adaptable, adjusting our approach as needed. This allowed us to deliver the project on time and within budget."
"Can you describe a complex project you managed, emphasizing on your problem-solving and leadership skills?",Technical,Medium,State of Ohio,"Project Management, Problem Solving, Leadership","Project Manager, Senior Developer, Team Lead, Scrum Master","Managed a complex IT project, showcasing problem-solving and leadership skills.","I managed a challenging IT project where I had to solve technical issues and lead my team effectively. I'll share an example of how I tackled a difficult situation, highlighting the steps I took to find solutions and guide my team towards success."
"Can you describe a complex project you managed, emphasizing your approach to problem-solving and decision-making?",Coding,Hard,HCLTech,"Project Management, Problem Solving, Decision Making","Software Engineer, Project Manager, Scrum Master, Product Manager",Shared details of a challenging project and my effective problem-solving strategies.,"I managed a complex software development project where we faced numerous obstacles. To tackle these issues, I employed critical thinking and collaborative decision-making to ensure timely resolution. By breaking down tasks, prioritizing, and maintaining open communication with the team, we successfully overcame challenges and delivered the project on schedule."
"Can you describe a complex project you managed, highlighting your approach to problem-solving and decision-making?",Analytical,Hard,SmartAsset,"Project Management, Problem Solving, Decision Making","Software Engineer, Project Manager, Scrum Master, Product Manager","Managed a complex software project, solving problems with teamwork and quick decisions.","I managed a large-scale software development project where I faced numerous challenges. To solve these issues, I worked closely with my team to brainstorm solutions, made timely decisions based on the situation, and ensured clear communication throughout the process. This approach not only helped us meet our deadlines but also delivered a high-quality product."
Can you describe a complex project you've managed and explain how you addressed any challenges that arose?,Behavioral,Hard,EDL Consulting,"Project Management, Complex Problem Solving, Leadership","Project Manager, Senior Developer, Team Lead, Software Engineer","Managed a challenging software project, overcame obstacles along the way.","I managed a complex software project where we faced difficulties such as tight deadlines and resource constraints. To address these challenges, I implemented an agile methodology, prioritized tasks based on their impact, and effectively communicated with team members to ensure everyone was aligned with our goals. As a result, we were able to successfully deliver the project on time and within budget."
"Can you describe a complex project you've managed involving the integration of .net, Angular, and Docker technologies?",Coding,Hard,McDonald's Corporation,".NET Development, AngularJS, Docker Containerization, Project Management, Integration of Technologies","Software Developer, DevOps Engineer, Senior Software Engineer, Team Lead","Managed a project using .NET, Angular, and Docker.","I led a project that required integrating .NET, Angular, and Docker technologies. This involved developing an application with .NET backend, creating user interfaces using AngularJS, and deploying the app in Docker containers for efficient scaling and portability."
Can you describe a complex situation where you utilized your problem-solving skills to achieve a positive outcome?,System Design,Hard,T-Mobile,"Problem Solving, Project Management","Software Engineer, System Analyst, Project Manager",Solved a challenging software bug to save project timeline.,"I once encountered a complex issue in a large-scale software project where a critical bug was causing unexpected errors. I utilized my problem-solving skills by breaking down the problem, researching potential solutions, and testing each one until I found the correct fix. This not only resolved the issue but also saved valuable time on our project timeline."
Can you describe a complex software system development project where you took the lead in planning and execution?,Coding,Hard,Met Office,"Software Development Life Cycle, Project Management, Leadership","Software Engineer, Project Manager, Team Lead",Led a complex software project from planning to execution.,"I took charge of a large-scale software development project, where I was responsible for creating the plan, coordinating team efforts, and ensuring timely delivery. This involved breaking down the project into manageable tasks, allocating resources effectively, and monitoring progress regularly."
Can you describe a complex technical problem you faced in your previous role and how you solved it?,Technical,Hard,amazon,"Technical Problem Solving, Troubleshooting, Complex Technical Issues","Software Engineer, Systems Analyst, DevOps Engineer",Explained a tough tech challenge and shared my solution.,"I faced a difficult technical problem at work, such as a system crash or software bug. I analyzed the issue, researched solutions, implemented a fix, and tested it to ensure it worked correctly."
Can you describe a complex technical problem you solved and the approach you used to overcome it?,Coding,Medium,Accenture,"Problem Solving, Technical Troubleshooting, Complex Systems","Software Engineer, Systems Analyst, DevOps Engineer",Solved a tough tech problem using a creative approach.,"I once had to solve a complex technical issue in our software system. I approached it by breaking down the problem into smaller, manageable parts and testing each one individually. After identifying the root cause, I implemented a new solution that improved the system's performance significantly."
Can you describe a complex technical problem you solved and the steps you took to resolve it?,Technical,Hard,Amazon,"Problem Solving, Troubleshooting, Complex Technical Issues, System Diagnosis","Software Developer, System Administrator, DevOps Engineer, IT Project Manager",Described a challenging tech issue and explained my solution process.,"I faced a difficult technical problem, analyzed it thoroughly, developed a strategy to resolve it, implemented the solution, and verified its success. This demonstrates my ability to handle complex issues effectively."
Can you describe a comprehensive project where you successfully utilized your problem-solving and technical implementation skills?,Coding,Medium,Intuit,"Project Management, Problem Solving, Technical Implementation","Software Engineer, Systems Analyst, Project Manager, Developer",Shared a project where I solved problems and built solutions with code.,"I worked on a project where I had to identify issues, think critically, and apply technical skills to develop effective solutions. This involved writing code, testing, debugging, and collaborating with team members."
